id,name,county,number,type,combined,14_15_total_enrollment,14_15_female,14_15_male,14_15_amer_indian,14_15_asian_pacific_islander,14_15_hispanic,14_15_black,14_15_white,14_15_multi-race,14_15_grade_k_5,14_15_grade_6_8,14_15_grade_9_12,15_16_total_enrollment,15_16_female,15_16_male,15_16_amer_indian,15_16_asian_pacific_islander,15_16_hispanic,15_16_black,15_16_white,15_16_multi-race,15_16_grade_k_5,15_16_grade_6_8,15_16_grade_9_12,16_17_total_enrollment,16_17_female,16_17_male,16_17_amer_indian,16_17_asian_pacific_islander,16_17_hispanic,16_17_black,16_17_white,16_17_multi-race,16_17_grade_k_5,16_17_grade_6_8,16_17_grade_9_12,17_18_total_enrollment,17_18_female,17_18_male,17_18_amer_indian,17_18_asian_pacific_islander,17_18_hispanic,17_18_black,17_18_white,17_18_multi-race,17_18_grade_k_5,17_18_grade_6_8,17_18_grade_9_12,18_19_total_enrollment,18_19_female,18_19_male,18_19_amer_indian,18_19_asian_pacific_islander,18_19_hispanic,18_19_black,18_19_white,18_19_multi-race,18_19_grade_k_5,18_19_grade_6_8,18_19_grade_9_12
1,Aitkin Public School District,1,1,1,111,1193,569,624,16,2,11,15,1118,31,538,270,385,1200,558,642,13,5,11,12,1130,29,528,289,383,1166,552,614,8,5,19,9,1089,36,521,312,333,1176,552,624,6,6,15,13,1099,37,543,288,345,1186,562,624,7,5,5,15,1102,39,528,281,377
2,Hill City Public School District,1,2,1,121,286,143,143,10,0,4,0,265,7,138,54,94,262,131,131,10,0,6,0,236,10,116,70,76,271,131,140,8,0,5,0,245,13,111,79,81,282,134,148,9,1925,6,0,250,17,120,72,81,267,134,133,9,0,7,0,237,14,119,57,86
3,Mcgregor Public School District,1,4,1,141,442,207,235,84,3,9,5,335,6,227,98,117,460,214,246,99,1,9,6,339,6,244,108,108,472,221,251,103,1,11,2,349,6,240,107,113,483,223,260,118,1,9,2,344,9,232,103,124,480,226,254,109,2,4,1,357,7,220,110,130
4,Anoka-Hennepin Public School Dist.,2,11,1,2111,37853,18280,19573,349,2493,1836,3690,28309,1176,16982,8566,12305,38016,18346,19670,316,2604,1974,3915,27801,1406,16986,8627,12403,38739,18698,20041,305,2806,2192,4175,27641,1620,17244,8852,12584,38764,18722,20042,303,3017,2269,4423,26997,1826,17035,8996,12620,38802,18760,20042,272,3088,2320,4685,26376,2061,16903,8987,12793
5,Centennial Public School District,2,12,1,2121,6582,3231,3351,55,325,297,192,5490,223,2892,1515,2175,6542,3192,3350,43,328,313,190,5418,250,2847,1562,2133,6635,3261,3374,35,346,310,217,5452,275,2926,1534,2175,6707,3257,3450,31,3300,327,259,5450,286,3004,1527,2176,6740,3303,3437,24,359,348,259,5435,315,3001,1521,2218
6,Columbia Heights Public School Dist,2,13,1,2131,3161,1562,1599,44,169,966,1007,747,228,1604,687,870,3178,1588,1590,50,164,1009,1027,695,233,1608,709,861,3309,1630,1679,33,162,1103,1077,679,255,1539,744,907,3322,1657,1665,34,503,1119,1141,631,248,1465,791,942,3398,1664,1734,37,150,1155,1199,607,250,1462,744,1054
7,Fridley Public School District,2,14,1,2141,2978,1459,1519,50,206,345,782,1425,170,1385,692,901,3025,1445,1580,44,206,361,895,1322,197,1357,737,931,3153,1517,1636,40,222,364,1085,1219,223,1353,730,1000,3207,1539,1668,39,381,394,1145,1161,236,1369,738,1001,3039,1476,1563,34,209,391,1099,1077,229,1274,646,993
8,St. Francis Area Schools,2,15,1,2151,4776,2303,2473,45,134,133,56,4246,162,2103,1100,1573,4692,2259,2433,37,133,144,60,4140,178,2081,1107,1504,4743,2250,2493,44,151,143,62,4132,211,2095,1101,1547,4568,2207,2361,31,388,161,55,3951,214,2031,1035,1502,4547,2189,2358,39,171,176,47,3874,240,2003,1021,1523
9,Spring Lake Park Public Schools,2,16,1,2161,5628,2761,2867,37,458,696,579,3521,337,2903,1186,1539,5787,2843,2944,44,445,775,619,3523,381,2925,1237,1625,5775,2856,2919,35,452,815,627,3450,396,2922,1244,1609,5877,2905,2972,36,645,880,670,3387,415,2819,1341,1686,6096,3025,3071,31,521,945,718,3435,446,2912,1394,1762
10,Detroit Lakes Public School Dist.,3,22,1,3221,3001,1441,1560,337,27,54,39,2390,154,1426,671,904,3034,1460,1574,333,31,56,43,2342,229,1459,677,898,3070,1479,1591,315,26,71,46,2305,307,1465,705,900,3081,1493,1588,283,509,79,44,2329,326,1429,725,927,3047,1474,1573,303,27,70,34,2292,321,1384,730,933
11,Frazee-Vergas Public School Dist.,3,23,1,3231,909,443,466,30,6,16,9,805,43,428,212,269,906,438,468,28,6,23,3,789,57,419,211,276,892,439,453,25,2,26,4,777,58,425,213,254,927,449,478,25,21,27,3,809,62,416,221,290,904,446,458,66,1,27,4,773,33,414,212,278
12,Bemidji Public School District,4,31,1,4311,5194,2409,2785,881,47,105,64,3808,289,2548,1087,1559,5235,2419,2816,849,56,99,72,3815,344,2587,1066,1582,5259,2450,2809,875,41,106,84,3762,391,2608,1068,1583,5231,2428,2803,864,42,100,81,3729,415,2578,1065,1568,5230,2445,2785,888,42,102,72,3715,411,2536,1104,1560
13,Blackduck Public School District,4,32,1,4321,635,303,332,54,2,10,12,520,37,294,151,190,642,307,335,61,2,12,7,519,41,291,148,203,631,295,336,68,3,13,7,507,33,270,154,186,642,307,335,64,45,13,5,521,36,271,150,189,674,324,350,97,2,17,4,538,16,300,144,198
14,Kelliher Public School District,4,36,1,4361,261,118,143,137,0,1,0,123,0,124,67,70,258,121,137,122,0,0,0,136,0,136,59,63,271,128,143,127,0,0,0,144,0,140,58,64,281,142,139,134,3,1,2,143,1,135,72,64,285,140,145,138,0,2,3,142,0,130,75,68
15,Red Lake Public School District,4,38,1,4381,1491,718,773,1491,0,0,0,0,0,924,268,299,1534,736,798,1534,0,0,0,0,0,935,286,313,1514,727,787,1513,0,0,1,0,0,899,302,313,1583,756,827,1580,0,1,0,0,2,916,303,352,1497,709,788,1493,0,1,0,0,3,872,290,335
16,Sauk Rapids-Rice Public Schools,5,47,1,5471,4256,2089,2167,33,66,124,130,3772,131,1989,991,1276,4389,2156,2233,37,72,136,151,3858,135,2084,1004,1301,4513,2238,2275,34,71,146,155,3941,166,2177,1014,1322,4607,2290,2317,28,63,171,146,4003,196,2208,1060,1339,4647,2298,2349,21,66,184,164,4009,203,2199,1073,1375
17,Foley Public School District,5,51,1,5511,1834,859,975,6,3,26,4,1779,16,833,458,543,1885,882,1003,5,5,25,7,1820,23,847,427,611,1952,930,1022,9,2,18,5,1894,24,861,463,628,1982,961,1021,8,68,22,7,1915,25,878,459,645,1964,963,1001,9,5,18,6,1901,25,866,480,618
18,St. Clair Public School District,7,75,1,7751,673,334,339,0,1,14,0,647,11,328,150,195,675,334,341,0,1,17,0,646,11,329,149,197,669,330,339,0,1,11,1,644,12,317,164,188,677,331,346,0,6,9,1,655,11,303,181,193,666,338,328,0,1,5,0,648,12,300,178,188
19,Mankato Public School District,7,77,1,7771,7948,3827,4121,22,181,421,794,6313,217,4084,1658,2206,8299,4004,4295,26,195,459,882,6466,271,4268,1721,2310,8660,4179,4481,29,193,496,1018,6606,318,4382,1836,2423,8780,4201,4579,26,217,519,1050,6598,371,4424,1907,2420,8799,4152,4647,29,193,553,1044,6596,384,4368,1974,2431
20,Comfrey Public School District,8,81,1,8811,153,76,77,0,0,4,0,147,2,72,37,44,154,83,71,0,0,4,0,149,1,59,46,49,154,82,72,0,0,6,0,142,6,57,46,51,144,79,65,0,216,5,0,133,6,51,43,50,148,77,71,0,0,12,0,132,4,49,37,62
21,Sleepy Eye Public School District,8,84,1,8841,526,239,287,0,3,171,4,346,2,235,122,169,576,276,300,0,4,194,5,367,6,262,142,172,581,282,299,0,6,198,6,365,6,270,137,174,618,291,327,0,6,217,6,384,5,289,127,169,609,298,311,3,7,210,7,378,4,276,126,167
22,Springfield Public School District,8,85,1,8851,601,281,320,1,1,56,1,536,6,256,141,204,590,277,313,0,0,39,0,540,11,267,136,187,570,276,294,0,4,40,4,521,1,260,128,182,558,267,291,0,7,48,2,507,0,265,115,178,566,266,300,0,1,43,1,521,0,270,126,170
23,New Ulm Public School District,8,88,1,8881,2002,931,1071,1,20,90,18,1852,21,951,442,609,2027,940,1087,2,19,93,23,1863,27,971,435,621,2087,971,1116,2,17,102,27,1905,34,1000,441,646,2105,966,1139,4,17,104,27,1919,35,1005,453,647,2091,977,1114,2,10,117,22,1904,36,970,480,641
24,Barnum Public School District,9,91,1,9911,794,383,411,9,2,6,2,742,33,368,201,225,811,374,437,11,1,8,2,755,34,370,193,248,790,369,421,5,2,10,2,736,35,368,188,234,752,348,404,4,17,11,3,700,33,339,184,229,714,329,385,4,2,12,3,659,34,313,173,228
25,Carlton Public School District,9,93,1,9931,503,231,272,89,2,3,3,396,10,213,123,167,484,222,262,70,3,5,4,389,13,210,128,146,475,220,255,62,3,5,3,386,16,205,109,161,464,200,264,63,2,7,4,373,16,223,86,155,435,189,246,61,1,5,3,346,19,196,95,144
26,Cloquet Public School District,9,94,1,9941,2518,1214,1304,290,20,45,7,1859,297,1217,558,743,2549,1218,1331,318,22,43,9,1867,290,1223,577,749,2568,1216,1352,315,20,45,12,1863,313,1220,575,773,2625,1247,1378,328,19,35,14,1882,348,1233,614,778,2654,1264,1390,313,17,42,9,1923,350,1219,636,799
27,Cromwell-Wright Public Schools,9,95,1,9951,337,165,172,14,5,2,6,310,0,173,72,92,327,162,165,15,5,4,3,300,0,153,73,101,355,165,190,17,6,2,3,323,4,168,79,108,321,153,168,17,22,5,0,292,3,139,90,92,331,152,179,18,5,4,2,300,2,128,96,107
28,Moose Lake Public School District,9,97,1,9971,657,309,348,1,6,8,4,605,33,300,151,206,672,315,357,1,5,8,3,622,33,311,148,213,665,319,346,4,4,5,4,615,33,323,146,196,670,333,337,3,7,11,3,625,25,322,153,195,655,321,334,6,2,13,0,606,28,294,155,206
29,Esko Public School District,9,99,1,9991,1194,576,618,9,7,12,1,1133,32,544,282,368,1228,592,636,8,4,14,3,1159,40,565,288,375,1217,594,623,5,5,17,3,1136,51,578,283,356,1267,608,659,5,9,13,6,1177,60,594,302,371,1283,632,651,5,7,20,7,1183,61,597,305,381
30,Wrenshall Public School District,9,100,1,91001,329,151,178,5,0,10,1,300,13,128,88,113,337,175,162,5,0,5,1,317,9,144,88,105,351,182,169,4,1,4,0,331,11,170,81,100,392,203,189,2,7,10,3,359,17,172,105,115,377,194,183,2,1,10,3,342,19,168,107,102
31,Central Public School District,10,108,1,101081,982,491,491,3,11,61,13,871,23,454,212,316,1029,509,520,2,12,66,18,903,28,472,215,342,1030,510,520,2,13,55,22,905,33,477,220,333,1029,507,522,2,13,51,20,906,38,459,224,346,986,474,512,2,11,57,19,857,40,443,229,314
32,Waconia Public School District,10,110,1,101101,3823,1851,1972,9,41,141,44,3521,67,1760,894,1169,3925,1903,2022,13,42,153,49,3590,78,1806,891,1228,3971,1898,2073,12,40,147,40,3643,89,1830,877,1264,4084,1954,2130,10,62,171,38,3716,99,1850,923,1311,4123,1983,2140,11,46,200,42,3708,116,1821,952,1350
33,Watertown-Mayer Public School Dist,10,111,1,101111,1596,768,828,6,23,31,14,1489,33,769,363,464,1576,771,805,9,17,29,14,1471,36,756,357,463,1613,778,835,7,16,29,16,1503,42,740,361,512,1574,766,808,8,63,31,17,1469,36,725,355,494,1552,743,809,7,12,26,11,1463,33,716,349,487
34,Eastern Carver County Public School,10,112,1,101121,9466,4583,4883,27,368,873,288,7572,338,4194,2102,3170,9533,4618,4915,28,368,918,288,7552,379,4232,2125,3176,9690,4714,4976,24,383,963,354,7548,418,4313,2130,3247,9847,4759,5088,26,405,948,416,7602,463,4420,2175,3252,9829,4767,5062,24,397,928,473,7515,492,4394,2161,3274
35,Walker-Hackensack-Akeley Schl. Dist,11,113,1,111131,736,347,389,147,3,11,2,521,52,336,187,213,721,334,387,149,5,9,1,504,53,334,175,212,733,339,394,158,9,16,1,498,51,331,191,211,804,373,431,172,396,24,6,545,53,376,164,246,799,371,428,179,4,23,2,530,61,377,167,243
36,Cass Lake-Bena Public Schools,11,115,1,111151,1191,560,631,1031,0,22,2,74,62,639,241,311,1245,579,666,1061,1,35,1,83,64,657,256,332,1214,563,651,1020,1,33,1,85,74,647,243,324,1207,573,634,1001,5,31,1,84,89,634,259,314,1211,580,631,990,1,27,2,88,103,603,264,344
37,Pillager Public School District,11,116,1,111161,975,458,517,6,0,13,4,942,10,501,224,250,1028,496,532,6,0,16,3,991,12,523,239,266,1052,494,558,5,1,26,8,998,14,532,239,281,1112,526,586,3,4,25,10,1050,21,561,254,297,1164,559,605,4,1,25,6,1105,23,574,272,318
38,Northland Community Schools,11,118,1,111181,353,186,167,79,3,7,2,232,30,177,69,107,336,175,161,70,2,6,2,218,38,168,59,109,349,194,155,69,2,2,1,215,60,173,67,102,345,184,161,85,5,0,0,202,56,159,91,82,360,190,170,138,2,2,2,207,9,157,90,87
39,Montevideo Public School District,12,129,1,121291,1300,637,663,10,11,181,11,1052,35,654,266,380,1340,647,693,12,10,195,11,1071,41,665,288,387,1404,663,741,12,14,225,20,1086,47,708,311,385,1404,666,738,11,22,247,17,1058,51,695,336,373,1409,669,740,8,16,273,21,1035,56,689,334,386
40,North Branch Public Schools,13,138,1,131381,3078,1518,1560,25,34,76,20,2892,31,1329,731,1018,3068,1480,1588,23,41,87,26,2845,46,1289,745,1034,3031,1470,1561,23,48,97,32,2774,57,1294,709,1028,2958,1444,1514,26,79,108,29,2672,64,1270,703,985,2731,1326,1405,19,74,112,34,2416,76,1149,645,937
41,Rush City Public School District,13,139,1,131391,871,415,456,7,12,15,4,828,5,405,205,261,875,415,460,7,12,20,5,823,8,409,206,260,891,426,465,10,16,21,2,829,13,423,209,259,872,423,449,11,74,23,5,800,18,405,210,257,848,411,437,10,11,31,5,770,21,383,215,250
42,Barnesville Public School Dist.,14,146,1,141461,853,405,448,7,0,12,5,813,16,401,204,248,860,399,461,5,0,13,4,817,21,404,205,251,838,386,452,3,1,13,4,797,20,386,214,238,854,400,454,4,16,13,5,807,24,389,207,258,868,394,474,2,2,12,4,824,24,403,212,253
43,Hawley Public School District,14,150,1,141501,955,445,510,2,4,17,4,913,15,429,235,291,955,452,503,2,5,17,6,906,19,424,242,289,983,460,523,2,6,22,3,928,22,458,233,292,981,464,517,4,5,29,4,918,22,458,226,297,975,463,512,8,5,24,1,917,20,449,229,297
44,Moorhead Public School District,14,152,1,141521,6077,2926,3151,151,66,487,270,4683,420,3063,1303,1711,6366,3023,3343,166,64,543,377,4794,422,3229,1337,1800,6661,3230,3431,187,64,564,507,4901,438,3393,1393,1875,6799,3265,3534,186,76,574,570,4958,439,3452,1457,1890,7027,3409,3618,203,71,586,696,4996,475,3515,1537,1975
45,Bagley Public School District,15,162,1,151621,1040,502,538,212,4,8,13,743,60,537,214,289,1023,483,540,209,4,8,14,723,65,515,222,286,1054,504,550,201,4,7,17,751,74,508,222,292,1056,505,551,199,4,10,13,749,81,493,236,291,1024,494,530,190,4,9,11,731,79,465,257,266
46,Cook County Public Schools,16,166,1,161661,457,210,247,78,2,16,4,337,20,169,109,179,450,201,249,75,3,18,4,325,25,165,97,188,506,222,284,79,5,24,4,360,34,184,92,183,515,226,289,72,9,30,3,366,39,182,99,195,500,216,284,68,5,28,1,363,35,177,114,175
47,Mountain Lake Public Schools,17,173,1,171731,502,241,261,0,64,101,8,315,14,231,116,155,494,239,255,0,59,95,11,313,16,220,111,163,485,234,251,0,61,97,6,299,22,211,112,162,515,255,260,0,72,124,7,290,27,240,116,159,516,250,266,0,65,115,11,299,26,229,114,173
48,Windom Public School District,17,177,1,171771,1023,465,558,4,18,183,19,766,33,527,239,257,1051,476,575,2,28,178,24,776,43,528,248,275,1052,476,576,3,35,181,30,763,40,522,248,282,1058,469,589,1,107,192,21,758,46,508,246,304,1064,487,577,0,41,204,18,751,50,501,257,306
49,Brainerd Public School District,18,181,1,181811,6600,3171,3429,87,53,83,98,6130,149,3134,1499,1967,6648,3221,3427,89,44,79,103,6187,146,3166,1529,1953,6745,3289,3456,103,44,80,107,6233,178,3190,1521,2034,6744,3295,3449,105,83,83,97,6206,210,3155,1540,2049,6812,3333,3479,121,44,90,90,6241,226,3165,1556,2091
50,Crosby-Ironton Public School Dist.,18,182,1,181821,1106,528,578,8,9,12,11,1033,33,506,249,351,1085,524,561,7,7,20,9,994,48,490,245,350,1041,495,546,7,6,19,10,957,42,467,240,334,1051,509,542,8,47,24,9,956,50,481,238,332,1048,517,531,7,4,19,8,959,51,476,235,337
51,Pequot Lakes Public Schools,18,186,1,181861,1629,777,852,13,3,8,20,1576,9,723,394,512,1643,773,870,18,1,16,21,1575,12,750,383,510,1684,785,899,21,2,12,22,1613,14,734,406,544,1706,788,918,24,6,12,15,1638,15,737,422,547,1747,820,927,26,2,13,22,1670,14,718,442,587
52,Burnsville Public School District,19,191,1,191911,9449,4471,4978,55,798,1509,1971,4534,582,4595,2014,2840,9200,4328,4872,51,783,1576,1989,4198,603,4459,1959,2782,9247,4446,4801,43,780,1659,2156,3996,613,4344,1990,2809,9030,4371,4659,47,750,1641,2298,3705,591,4193,1892,2738,8874,4336,4538,43,728,1679,2390,3447,587,3934,1948,2706
53,Farmington Public School District,19,192,1,191921,7086,3396,3690,24,335,336,192,5945,254,3535,1664,1887,7119,3410,3709,25,327,368,201,5927,271,3467,1712,1940,7199,3463,3736,26,331,410,218,5931,283,3490,1688,2021,7257,3490,3767,32,1081,465,230,5874,323,3429,1707,2121,7313,3506,3807,26,344,511,250,5837,345,3373,1735,2205
54,Lakeville Public School District,19,194,1,191941,10915,5355,5560,30,458,556,345,9104,422,4583,2554,3778,10868,5275,5593,32,477,606,347,8981,425,4592,2576,3700,10993,5361,5632,34,501,672,379,8951,456,4690,2599,3704,11100,5385,5715,28,893,697,412,8889,514,4719,2678,3703,11204,5441,5763,33,581,760,447,8849,534,4818,2695,3691
55,Randolph Public School District,19,195,1,191951,634,313,321,0,7,8,3,596,20,325,138,171,649,322,327,0,7,10,5,612,15,338,144,167,667,329,338,0,5,14,6,631,11,343,163,161,662,319,343,0,564,14,4,631,9,328,156,178,684,317,367,0,5,15,4,649,11,340,162,182
56,Rosemount-Apple Valley-Eagan,19,196,1,191961,27463,13322,14141,103,2307,2196,2867,18654,1336,12599,6098,8766,27853,13530,14323,107,2395,2374,2998,18508,1471,12763,6199,8891,28257,13733,14524,107,2452,2519,3118,18453,1608,13000,6439,8798,28802,13983,14819,97,2489,2691,3351,18450,1728,13159,6583,8977,28997,14055,14942,97,2448,2882,3522,18180,1868,13160,6764,8979
57,West St. Paul-Mendota Heights-Eagan,19,197,1,191971,4977,2433,2544,24,229,1330,402,2727,265,2490,1075,1412,4964,2428,2536,20,228,1308,431,2683,294,2482,1125,1357,5015,2486,2529,21,220,1316,488,2630,340,2480,1113,1422,5172,2549,2623,17,2728,1359,544,2648,361,2594,1111,1448,5222,2546,2676,41,239,1367,578,2631,366,2597,1119,1488
58,Inver Grove Heights Schools,19,199,1,191991,3853,1903,1950,20,165,819,345,2259,245,1819,896,1138,3823,1877,1946,13,166,859,336,2182,267,1748,909,1166,3632,1752,1880,20,152,865,349,1993,253,1643,862,1127,3688,1811,1877,16,408,895,362,1999,251,1598,880,1121,3633,1759,1874,16,190,876,383,1910,258,1598,813,1136
59,Hastings Public School District,19,200,1,192001,4548,2261,2287,21,45,176,106,4072,128,2004,1041,1503,4518,2258,2260,26,47,186,92,4022,145,1920,1072,1526,4455,2197,2258,29,50,191,93,3939,153,1936,1034,1485,4416,2163,2253,31,218,208,96,3858,170,1918,1021,1477,4391,2175,2216,31,47,212,113,3790,198,1890,998,1503
60,Hayfield Public School District,20,203,1,202031,750,395,355,3,0,50,11,669,17,352,178,220,710,370,340,3,2,46,10,633,16,337,155,218,684,344,340,3,1,46,6,613,15,306,154,224,684,356,328,3,53,43,11,614,13,294,160,230,685,345,340,3,0,51,11,609,11,303,166,216
61,Kasson-Mantorville School District,20,204,1,202041,2088,1066,1022,2,9,92,9,1940,36,976,480,632,2092,1056,1036,2,12,101,10,1926,41,989,485,618,2120,1048,1072,2,13,101,15,1942,47,1010,493,617,2178,1064,1114,3,11,114,14,1990,46,1041,510,627,2222,1099,1123,0,10,120,12,2017,63,1049,520,653
62,Alexandria Public School District,21,206,1,212061,3962,1915,2047,18,38,110,47,3675,74,1839,894,1229,3989,1925,2064,15,35,107,34,3712,86,1848,930,1211,4077,1975,2102,9,39,115,32,3774,108,1887,949,1241,4230,2038,2192,8,53,140,31,3893,116,1966,1000,1264,4191,2022,2169,10,39,153,31,3848,110,1920,991,1280
63,Osakis Public School District,21,213,1,212131,850,411,439,0,7,16,9,815,3,390,197,263,834,408,426,0,6,16,9,800,3,383,200,251,836,417,419,0,7,14,8,803,4,371,216,249,816,409,407,3,46,11,9,786,3,351,216,249,846,423,423,4,3,19,8,806,6,366,225,255
64,Chatfield Public Schools,55,227,1,552271,862,416,446,2,4,18,9,823,6,393,209,260,884,433,451,2,4,11,11,848,8,415,212,257,914,431,483,1,4,17,7,873,12,420,223,271,917,431,486,2,11,18,8,865,17,422,231,264,873,414,459,2,6,20,5,825,15,379,240,254
65,Lanesboro Public School District,23,229,1,232291,351,162,189,1,3,6,2,337,2,160,78,113,341,156,185,0,3,5,2,330,1,155,87,99,347,164,183,0,3,4,2,335,3,153,99,95,357,167,190,0,11,4,2,346,1,167,90,100,347,163,184,0,3,7,0,334,3,152,83,112
66,Mabel-Canton Public School Dist.,23,238,1,232381,244,113,131,2,0,5,3,232,2,104,60,80,256,117,139,2,0,8,2,242,2,111,62,83,273,126,147,2,0,13,2,254,2,125,64,84,264,116,148,2,4,3,1,256,2,121,52,91,275,130,145,2,0,4,4,262,3,117,67,91
67,Rushford-Peterson Public Schools,23,239,1,232391,669,312,357,0,3,7,4,647,8,299,147,223,668,315,353,0,4,5,4,648,7,309,141,218,666,311,355,0,4,11,1,640,10,307,140,219,656,304,352,0,2,13,1,628,12,311,147,198,697,323,374,0,2,17,5,659,14,323,167,207
68,Albert Lea Public School District,24,241,1,242411,3372,1652,1720,2,109,663,93,2427,78,1622,740,1010,3397,1643,1754,2,132,674,102,2403,84,1596,784,1017,3502,1686,1816,8,195,723,95,2378,103,1580,805,1028,3535,1689,1846,6,220,760,109,2326,116,1596,798,1078,3595,1702,1893,9,262,781,132,2294,117,1632,782,1092
69,Alden-Conger Public School District,24,242,1,242421,499,254,245,0,1,23,0,464,11,214,122,163,496,244,252,0,2,20,0,465,9,227,119,150,491,246,245,0,1,24,0,458,8,223,130,138,497,251,246,0,219,21,1,463,11,231,105,161,507,259,248,0,1,31,2,460,13,231,116,160
70,Cannon Falls Public School District,25,252,1,252521,1172,561,611,5,11,36,13,1067,40,523,273,376,1101,530,571,6,9,27,12,1008,39,511,267,323,1150,563,587,7,14,29,5,1052,43,523,281,346,1149,560,589,7,15,29,9,1047,43,512,276,361,1158,553,605,6,16,31,8,1060,37,505,275,378
71,Goodhue Public School District,25,253,1,252531,648,328,320,0,1,44,0,601,2,292,154,202,638,309,329,0,0,46,1,588,3,289,154,195,638,306,332,0,0,56,0,579,3,280,159,199,657,322,335,0,14,53,0,598,6,306,146,205,673,334,339,0,0,58,0,610,5,307,151,215
72,Pine Island Public School District,25,255,1,252551,1231,603,628,2,15,34,14,1153,13,600,270,361,1280,628,652,2,20,41,28,1172,17,607,293,380,1273,609,664,2,13,34,24,1185,15,617,291,365,1326,627,699,2,20,31,20,1235,18,673,307,346,1358,637,721,1,18,38,23,1256,22,683,305,370
73,Red Wing Public School District,25,256,1,252561,2731,1341,1390,103,47,179,89,2191,122,1324,603,804,2685,1356,1329,102,39,204,88,2123,129,1305,613,767,2645,1328,1317,99,36,219,86,2066,139,1275,607,763,2690,1339,1351,92,50,214,96,2094,164,1282,644,764,2667,1325,1342,93,29,236,102,2018,189,1260,652,755
74,Ashby Public School District,26,261,1,262611,252,119,133,0,0,0,5,245,2,116,61,75,248,121,127,0,0,3,5,239,1,111,69,68,262,127,135,0,0,2,3,255,2,128,69,65,260,131,129,0,30,6,2,251,1,127,62,71,293,141,152,0,0,8,2,282,1,137,62,82
75,Hopkins Public School District,27,270,1,272701,6928,3362,3566,35,477,691,1411,3888,426,3105,1595,2228,6958,3382,3576,28,475,687,1484,3836,448,3177,1555,2226,6820,3286,3534,24,470,643,1483,3712,488,3080,1564,2176,6719,3237,3482,22,431,648,1469,3649,500,3023,1527,2169,6883,3346,3537,25,422,672,1548,3645,571,3098,1508,2197
76,Bloomington Public School District,27,271,1,272711,10315,4935,5380,61,868,1677,1697,5494,518,4726,2270,3319,10399,4984,5415,67,826,1754,1743,5437,572,4742,2212,3445,10645,5149,5496,51,829,1888,1853,5389,635,4690,2323,3519,10668,5115,5553,59,1224,1953,1908,5239,716,4669,2423,3440,10641,5086,5555,56,764,2043,1897,5142,739,4598,2438,3445
77,Eden Prairie Public School District,27,272,1,272721,9097,4399,4698,29,1122,587,1095,5815,449,4019,2058,3020,8999,4332,4667,38,1154,635,1118,5587,467,3982,2041,2976,8958,4366,4592,37,1207,676,1137,5436,465,3883,2016,3059,8872,4330,4542,31,2029,720,1190,5197,498,3909,1955,3008,8899,4300,4599,30,1235,754,1314,5068,498,3910,1963,3026
78,Edina Public School District,27,273,1,272731,8520,4185,4335,10,783,379,452,6602,294,3814,2032,2674,8533,4139,4394,12,842,404,488,6436,351,3801,2047,2685,8587,4158,4429,9,866,428,507,6393,384,3818,2045,2724,8588,4157,4431,8,2139,434,498,6335,410,3810,2045,2733,8510,4155,4355,6,861,464,538,6226,415,3796,1996,2718
79,Minnetonka Public School District,27,276,1,272761,9953,4855,5098,33,506,336,219,8582,277,4702,2238,3013,10223,5016,5207,27,533,364,259,8727,313,4831,2303,3089,10567,5166,5401,28,589,414,265,8908,363,4982,2427,3158,10853,5331,5522,28,1528,430,287,9079,404,5050,2501,3302,10970,5399,5571,26,616,456,290,9133,449,5098,2564,3308
80,Westonka Public School District,27,277,1,272771,2219,1082,1137,3,29,90,26,1966,105,1047,548,624,2294,1120,1174,4,28,99,26,2016,121,1063,587,644,2339,1149,1190,4,31,104,34,2051,115,1059,618,662,2392,1143,1249,3,654,112,38,2085,125,1095,618,679,2447,1163,1284,4,28,115,46,2112,142,1079,598,770
81,Orono Public School District,27,278,1,272781,2804,1366,1438,4,49,109,31,2552,59,1176,685,943,2837,1361,1476,2,45,113,29,2589,59,1196,680,961,2830,1313,1517,4,39,124,31,2566,66,1180,701,949,2843,1335,1508,5,70,133,29,2550,85,1195,697,951,2885,1357,1528,5,47,130,29,2573,101,1240,689,956
82,Osseo Public School District,27,279,1,272791,20398,9925,10473,79,3338,1644,4599,9547,1191,9879,4315,6204,20511,9973,10538,54,3356,1746,4601,9450,1304,9768,4315,6428,20847,10143,10704,65,3383,1822,4900,9283,1394,9734,4311,6586,21221,10368,10853,59,3438,1943,5222,9139,1461,9855,4426,6616,21472,10440,11032,198,3425,1958,5337,9162,1392,9872,4478,6829
83,Richfield Public School District,27,280,1,272801,4417,2118,2299,66,281,1682,753,1315,320,2355,881,1181,4329,2064,2265,50,279,1697,717,1241,345,2319,834,1176,4385,2072,2313,44,268,1769,737,1208,359,2195,887,1181,4411,2095,2316,38,3659,1784,726,1236,365,2118,938,1201,4319,2055,2264,35,265,1758,627,1238,396,2001,969,1162
84,Robbinsdale Public School District,27,281,1,272811,12385,6049,6336,85,927,1710,3350,5432,881,5722,2656,4007,12714,6245,6469,82,907,1746,3586,5427,966,5781,3044,3889,12553,6126,6427,85,869,1799,3650,5158,992,5814,2912,3827,12553,6127,6426,80,1089,1858,3701,5027,1060,5644,2783,3833,12546,6158,6388,74,802,1883,3742,4903,1142,5507,2751,3947
85,St. Anthony-New Brighton Schools,27,282,1,272821,1809,924,885,15,137,134,138,1287,98,689,429,691,1813,922,891,15,142,151,144,1261,100,699,424,690,1853,921,932,12,149,160,155,1263,114,708,430,715,1832,890,942,11,979,150,166,1226,127,693,434,705,1837,913,924,10,144,130,222,1204,127,721,430,686
86,St. Louis Park Public School Dist.,27,283,1,272831,4718,2286,2432,27,200,556,882,2695,358,2321,986,1411,4727,2303,2424,27,198,570,903,2639,390,2300,987,1440,4729,2283,2446,31,184,583,928,2606,397,2232,1036,1461,4740,2310,2430,30,335,592,944,2575,416,2227,1027,1486,4714,2313,2401,29,172,561,963,2562,427,2202,1019,1493
87,Wayzata Public School District,27,284,1,272841,10742,5211,5531,10,1636,470,745,7392,489,4873,2544,3325,10902,5286,5616,13,1796,455,752,7358,528,4922,2631,3349,11292,5463,5829,8,2021,478,801,7424,560,5112,2776,3404,11706,5663,6043,4,2499,494,819,7477,596,5481,2767,3458,11948,5762,6186,8,2460,516,840,7478,646,5589,2811,3548
88,Brooklyn Center School District,27,286,1,272861,2399,1233,1166,29,362,477,840,537,154,1086,470,843,2401,1216,1185,25,370,504,865,471,166,1112,504,785,2415,1215,1200,32,341,521,899,483,139,1041,471,815,2566,1301,1265,36,2669,523,1027,510,117,1046,483,943,2492,1248,1244,29,316,515,994,487,151,945,493,964
89,Houston Public School District,28,294,1,282941,1971,1058,913,29,30,78,89,1720,25,689,475,807,1952,1065,887,41,29,79,108,1644,51,614,480,858,2066,1116,950,32,32,98,150,1673,81,641,493,932,2040,1113,927,33,39,90,154,1634,90,608,453,937,1976,1073,903,26,31,142,145,1479,153,544,519,913
90,Spring Grove School District,28,297,1,282971,339,169,170,0,1,3,4,329,2,163,90,86,343,165,178,0,0,5,1,332,5,164,82,97,350,165,185,0,0,6,2,338,4,156,82,112,345,166,179,0,39,4,2,335,4,163,69,113,361,176,185,0,0,4,4,349,4,157,87,117
91,Caledonia Public School District,28,299,1,282991,656,314,342,0,2,0,20,619,15,286,136,234,670,320,350,0,1,0,19,633,17,303,139,228,680,321,359,0,0,2,16,650,12,302,146,232,690,324,366,0,0,4,9,671,6,299,148,243,718,333,385,0,1,6,10,690,11,293,169,256
92,La Crescent-Hokah School District,28,300,1,283001,1157,569,588,6,18,22,35,1069,7,485,250,422,1145,549,596,5,19,24,36,1054,7,484,263,398,1166,551,615,6,19,25,45,1057,14,478,280,408,1141,542,599,5,22,22,37,1035,20,467,287,387,1108,531,577,5,19,23,28,988,45,440,291,377
93,Laporte Public School District,29,306,1,293061,290,131,159,33,1,13,5,225,13,162,64,64,295,133,162,32,1,8,3,237,14,157,65,73,311,148,163,30,3,10,5,249,14,149,63,80,327,150,177,37,23,5,5,262,17,161,69,78,338,156,182,53,0,4,6,256,19,168,80,72
94,Nevis Public School District,29,308,1,293081,600,315,285,11,3,18,8,538,22,291,130,179,602,319,283,12,3,18,6,540,23,277,139,186,642,324,318,9,3,18,7,579,26,284,137,188,629,316,313,10,4,23,4,563,26,276,138,177,626,315,311,12,0,27,5,557,25,275,141,174
95,Park Rapids Public School District,29,309,1,293091,1518,774,744,47,6,41,17,1330,77,786,309,423,1567,791,776,42,5,55,16,1370,79,808,295,464,1641,818,823,52,4,77,17,1400,91,777,341,482,1674,826,848,40,6,94,13,1424,100,783,374,457,1739,892,847,37,3,114,10,1459,116,805,437,433
96,Braham Public School District,30,314,1,303141,805,396,409,2,6,11,4,758,24,360,205,240,807,402,405,3,8,12,5,751,28,377,197,233,739,367,372,2,5,12,4,697,19,349,175,215,738,358,380,0,8,20,3,687,23,358,169,211,755,362,393,0,5,16,6,709,19,365,177,213
97,Greenway Public School District,31,316,1,313161,1079,496,583,48,0,23,3,921,84,539,240,300,1043,472,571,41,0,20,5,895,82,507,245,291,1086,501,585,89,3,33,7,907,47,496,221,317,1087,511,576,77,7,27,10,920,51,507,233,300,1067,502,565,97,1,28,13,900,28,500,228,298
98,Deer River Public School District,31,317,1,313171,946,441,505,301,0,38,3,499,105,513,192,241,894,411,483,281,3,28,3,480,99,464,196,234,959,448,511,306,1,34,1,503,114,469,212,225,951,447,504,311,4,32,2,496,108,456,212,228,971,444,527,308,3,30,3,513,114,449,223,236
99,Grand Rapids Public School District,31,318,1,313181,4166,2027,2139,164,31,68,41,3584,278,1900,893,1373,4142,1989,2153,152,27,58,30,3577,298,1845,935,1362,4135,2012,2123,151,21,70,31,3528,334,1836,986,1290,4131,1979,2152,147,21,86,40,3508,331,1857,993,1266,4149,2016,2133,133,15,84,31,3548,338,1792,997,1344
100,Nashwauk-Keewatin School District,31,319,1,313191,605,279,326,10,2,4,8,534,47,283,157,165,627,295,332,8,3,12,11,541,52,290,156,181,619,287,332,7,3,6,11,536,56,280,148,191,634,292,342,10,22,6,6,555,54,269,137,184,610,286,324,6,3,7,6,533,55,258,144,177
101,Heron Lake-Okabena School District,32,330,1,323301,318,152,166,3,1,35,0,278,1,119,60,139,310,146,164,3,3,31,0,273,0,114,67,129,313,144,169,3,2,28,0,280,0,116,62,121,307,140,167,3,3,41,0,262,1,110,75,104,300,128,172,4,3,41,0,251,1,112,63,116
102,Mora Public School District,33,332,1,333321,1674,803,871,17,6,43,20,1555,33,767,405,502,1673,820,853,15,7,46,14,1555,36,752,396,525,1731,838,893,19,6,50,15,1588,53,797,386,548,1659,810,849,14,6,42,13,1530,54,758,378,523,1643,802,841,16,6,44,17,1501,59,728,389,526
103,Ogilvie Public School District,33,333,1,333331,532,257,275,2,0,6,0,520,4,255,137,140,464,223,241,0,0,7,0,452,5,225,125,114,473,232,241,1,0,6,1,459,6,231,120,122,500,236,264,1,6,8,2,484,5,234,124,142,510,258,252,1,2,7,0,499,1,230,119,161
104,New London-Spicer School District,34,345,1,343451,1426,672,754,4,2,74,4,1328,14,698,335,393,1449,681,768,4,5,85,8,1342,5,701,341,407,1496,694,802,3,5,93,5,1385,5,727,350,419,1518,709,809,3,7,96,6,1402,4,714,356,448,1556,730,826,1,8,119,3,1421,4,727,367,462
105,Willmar Public School District,34,347,1,343471,4133,1996,2137,12,65,1355,548,2100,53,1921,915,1297,4162,2004,2158,29,69,1376,677,1954,57,1898,907,1357,4271,2062,2209,34,83,1479,741,1884,50,1872,986,1383,4382,2119,2263,20,118,1492,886,1817,56,1841,981,1451,4478,2177,2301,22,131,1576,899,1790,60,1895,978,1475
106,Lancaster Public School District,35,356,1,353561,157,85,72,1,0,6,2,148,0,69,25,63,156,85,71,1,0,7,2,146,0,73,26,57,147,79,68,0,0,6,1,140,0,76,29,42,179,92,87,0,112,6,12,160,0,95,38,46,162,83,79,0,0,7,2,153,0,87,34,41
107,International Falls School District,36,361,1,363611,1116,527,589,62,7,10,9,1018,10,490,262,364,1090,525,565,47,4,11,12,1007,9,470,254,366,1112,539,573,39,4,12,11,1033,13,498,237,377,1069,518,551,89,4,13,6,946,12,477,246,346,1011,501,510,93,1,12,4,889,12,468,216,327
108,Littlefork-Big Falls School Dist.,36,362,1,363621,367,196,171,7,0,3,2,348,7,156,90,121,361,193,168,5,0,3,2,341,10,164,85,112,347,177,170,5,0,3,2,325,12,162,73,112,339,176,163,8,3,4,1,315,11,164,69,106,327,172,155,9,0,6,1,294,17,141,79,107
109,South Koochiching School District,36,363,1,363631,331,160,171,19,3,9,16,274,10,145,86,100,270,139,131,11,3,4,16,227,9,116,61,93,270,134,136,18,3,3,12,226,8,120,66,84,290,149,141,20,3,7,8,240,12,131,66,82,287,143,144,35,4,3,7,236,2,127,76,79
110,Dawson-Boyd Public School District,37,378,1,373781,517,248,269,0,12,23,3,466,13,220,129,168,534,248,286,2,12,27,5,476,12,245,130,159,540,238,302,3,12,34,7,470,14,253,121,166,567,250,317,5,15,44,4,488,14,265,122,180,568,258,310,5,10,42,3,496,12,255,138,175
111,Lake Superior Public School Dist.,38,381,1,383811,1405,689,716,12,9,12,10,1350,12,582,317,506,1400,675,725,9,11,13,10,1336,21,583,320,497,1383,648,735,9,9,10,10,1324,21,595,311,477,1388,660,728,12,19,12,8,1325,24,605,323,460,1391,662,729,12,9,12,9,1327,22,577,360,454
112,Lake Of The Woods School District,39,390,1,393901,461,211,250,6,5,8,4,413,25,234,98,129,464,221,243,8,10,6,8,406,26,214,127,123,458,220,238,14,7,6,5,396,30,209,118,131,451,206,245,11,14,5,6,393,29,199,129,123,477,230,247,13,4,11,10,410,29,200,118,139
113,Cleveland Public School District,40,391,1,403911,437,213,224,3,3,18,2,406,5,201,117,119,457,225,232,4,2,14,4,430,3,205,113,139,500,248,252,4,2,28,3,459,4,209,123,168,514,263,251,4,9,24,2,474,8,220,129,165,524,268,256,4,2,29,2,477,10,210,133,181
114,Marshall Public School District,42,413,1,424131,2384,1149,1235,8,129,287,205,1680,75,1093,454,837,2503,1196,1307,4,160,342,264,1660,73,1142,476,885,2535,1200,1335,4,213,379,269,1582,88,1148,496,891,2638,1276,1362,4,242,394,263,1625,110,1147,526,899,2625,1242,1383,8,271,394,231,1618,103,1136,522,898
115,Minneota Public School District,42,414,1,424141,546,260,286,0,1,46,2,486,11,203,115,228,510,238,272,0,1,48,2,450,9,195,123,192,520,243,277,0,1,47,2,460,10,192,122,206,531,242,289,2,244,42,1,472,12,213,120,198,530,239,291,2,1,41,1,475,10,209,114,207
116,Lynd Public School District,42,415,1,424151,152,73,79,0,0,60,0,86,6,116,36,0,143,68,75,0,0,53,1,83,6,104,39,0,167,82,85,0,0,63,1,95,8,120,28,0,165,83,82,0,2,58,1,98,8,120,27,0,180,78,102,0,0,61,1,110,8,137,27,0
117,Hutchinson Public School District,43,423,1,434231,2959,1390,1569,3,26,175,36,2670,49,1321,688,950,2957,1416,1541,5,33,199,31,2624,65,1299,721,937,2968,1427,1541,3,31,202,42,2622,68,1296,721,951,2958,1441,1517,3,29,225,41,2585,75,1271,706,981,2944,1424,1520,1,33,259,34,2532,85,1263,691,990
118,Lester Prairie Public School Dist.,43,424,1,434241,430,197,233,0,1,61,3,362,3,210,95,125,414,185,229,0,0,69,1,340,4,200,98,116,429,198,231,0,0,74,0,345,10,206,102,121,443,199,244,1,29,84,0,347,11,194,114,135,434,195,239,1,5,80,2,340,6,174,124,136
119,Mahnomen Public School District,44,432,1,444321,631,286,345,207,0,19,1,113,291,270,155,206,638,288,350,244,0,18,0,95,281,275,164,199,659,301,358,194,0,13,0,103,349,275,170,199,653,310,343,172,0,16,0,103,362,288,154,199,642,308,334,392,0,13,0,99,138,278,133,214
120,Waubun-Ogema-White Earth Public Sch,44,435,1,444351,537,259,278,333,0,21,0,105,78,240,124,173,546,269,277,348,0,15,1,99,83,264,126,156,638,299,339,393,0,13,2,129,101,298,136,159,671,316,355,409,0,18,0,137,107,340,133,157,697,339,358,430,1,17,0,134,115,350,132,164
121,Marshall County Central Schools,45,441,1,454411,394,187,207,0,3,6,7,376,2,181,91,122,390,195,195,0,3,10,9,366,2,173,93,124,389,190,199,1,1,9,7,367,4,182,92,115,404,208,196,1,3,9,4,382,5,186,100,118,427,221,206,0,0,9,2,409,7,207,96,124
122,Grygla Public School District,45,447,1,454471,151,75,76,0,1,3,0,146,1,60,38,53,161,75,86,0,2,5,0,153,1,69,35,57,160,75,85,0,2,4,0,153,1,75,35,50,153,76,77,2,3,4,0,143,4,70,35,48,149,73,76,0,0,4,0,142,3,63,36,50
123,Truman Public School District,46,458,1,464581,185,76,109,0,1,6,1,170,7,89,31,65,192,74,118,0,5,8,3,168,8,89,33,70,221,86,135,0,5,6,3,195,12,111,36,54,206,80,126,0,3,5,1,189,8,106,43,45,216,91,125,0,5,4,1,198,8,111,38,48
124,Eden Valley-Watkins School District,47,463,1,474631,963,461,502,2,5,31,3,907,15,476,215,272,971,478,493,2,5,27,2,919,16,465,229,277,967,470,497,2,5,29,1,914,16,453,234,280,978,482,496,2,7,28,1,925,18,442,248,288,971,469,502,2,4,31,4,909,21,439,244,288
125,Litchfield Public School District,47,465,1,474651,1666,808,858,5,5,127,14,1496,19,752,384,530,1591,781,810,6,7,141,16,1403,18,736,366,489,1574,768,806,4,5,145,16,1382,22,716,357,501,1555,749,806,2,8,142,14,1361,32,720,365,470,1578,756,822,3,4,155,19,1371,26,723,363,492
126,Dassel-Cokato Public School Dist.,86,466,1,864661,2258,1082,1176,10,11,69,16,2123,29,1042,502,714,2285,1095,1190,12,9,78,9,2143,34,1046,522,717,2300,1101,1199,9,14,72,15,2151,39,1077,514,709,2270,1090,1180,8,17,76,24,2108,41,1062,505,703,2250,1072,1178,12,12,81,15,2082,48,1011,545,694
127,Isle Public School District,48,473,1,484731,457,224,233,40,2,8,1,388,18,203,110,144,465,218,247,47,4,7,6,381,20,202,101,162,467,219,248,42,6,9,2,384,24,190,101,164,457,213,244,46,16,17,3,354,34,188,98,160,432,199,233,44,3,17,2,336,30,179,106,132
128,Princeton Public School District,48,477,1,484771,3269,1585,1684,23,14,70,14,3085,63,1465,780,1024,3132,1530,1602,22,18,66,12,2937,77,1431,708,993,3302,1604,1698,27,16,86,8,3074,91,1501,748,1053,3387,1636,1751,25,19,91,11,3157,87,1537,752,1098,3453,1672,1781,21,19,100,14,3199,100,1534,817,1102
129,Onamia Public School District,48,480,1,484801,685,296,389,262,2,7,20,368,26,304,152,229,675,313,362,266,3,9,17,340,40,307,149,219,690,309,381,302,2,13,16,312,45,321,147,208,652,293,359,271,17,13,28,287,52,264,170,203,646,288,358,296,2,21,19,265,43,231,173,219
130,Little Falls Public School District,49,482,1,494821,2539,1225,1314,10,25,68,31,2328,77,1161,504,874,2517,1215,1302,8,20,72,32,2289,96,1175,508,834,2501,1200,1301,5,18,64,45,2264,105,1158,533,810,2512,1191,1321,5,14,71,66,2244,113,1131,567,814,2536,1210,1326,5,16,74,91,2241,109,1109,597,830
131,Pierz Public School District,49,484,1,494841,1154,540,614,4,3,13,8,1120,6,501,275,378,1147,538,609,2,3,13,5,1116,8,488,273,386,1202,554,648,2,3,24,4,1158,11,537,269,396,1194,556,638,1,16,21,2,1158,9,523,287,384,1195,559,636,2,2,21,1,1157,12,530,286,379
132,Royalton Public School District,49,485,1,494851,926,441,485,6,2,26,5,874,13,454,227,245,952,448,504,6,3,24,1,907,11,460,224,268,944,439,505,6,3,21,1,897,16,448,228,268,943,438,505,5,6,20,3,892,20,442,228,273,954,449,505,8,3,24,3,892,24,403,259,292
133,Swanville Public School District,49,486,1,494861,324,129,195,0,0,8,0,315,1,169,56,99,309,119,190,0,0,7,0,300,2,164,51,94,305,120,185,0,0,13,0,292,0,149,70,86,340,142,198,0,4,17,0,321,1,152,73,86,329,145,184,0,1,15,0,311,2,150,78,77
134,Upsala Public School District,49,487,1,494871,382,180,202,0,2,8,2,370,0,172,93,117,371,175,196,0,2,8,2,358,1,158,96,117,375,179,196,0,2,7,2,358,6,163,94,118,372,178,194,0,3,9,2,356,3,161,87,124,380,183,197,0,1,9,2,364,4,174,77,129
135,Austin Public School District,50,492,1,504921,4877,2366,2511,8,246,1278,333,2849,163,2345,1109,1423,4920,2398,2522,8,284,1293,362,2789,184,2340,1105,1475,4988,2473,2515,7,338,1315,373,2762,193,2391,1065,1487,5328,2638,2690,9,481,1442,456,2740,202,2521,1128,1556,5293,2588,2705,9,525,1516,448,2607,188,2484,1149,1528
136,Grand Meadow Public School District,50,495,1,504951,433,207,226,1,2,6,17,402,5,213,109,111,424,209,215,1,1,14,11,390,7,190,110,124,433,214,219,0,1,14,9,401,8,189,109,135,442,217,225,0,482,14,4,410,11,203,103,136,438,220,218,1,2,15,5,400,15,202,104,132
137,Lyle Public School District,50,497,1,504971,248,116,132,1,1,31,3,207,5,110,67,71,270,112,158,1,0,34,7,223,5,124,61,85,310,142,168,1,0,40,8,252,9,139,74,75,303,136,167,1,3,35,7,251,9,131,65,87,284,121,163,1,1,39,6,225,12,118,66,85
138,Leroy-Ostrander Public Schools,50,499,1,504991,297,140,157,1,0,22,0,269,5,155,59,83,290,142,148,1,3,20,0,261,5,144,64,82,284,140,144,2,3,19,1,253,6,144,68,72,284,137,147,3,1,21,1,251,7,143,69,72,266,134,132,3,1,16,0,239,7,130,67,69
139,Southland Public School District,50,500,1,505001,465,229,236,3,2,22,9,429,0,191,89,185,461,225,236,3,5,21,2,430,0,194,82,185,450,216,234,3,4,25,2,414,2,203,82,165,434,203,231,3,6,24,5,394,3,190,87,157,382,183,199,2,3,21,3,349,4,164,86,132
140,Fulda Public School District,51,505,1,515051,337,165,172,1,11,16,6,302,1,135,62,140,342,171,171,1,10,24,7,298,2,144,74,124,347,174,173,1,13,26,6,300,1,157,67,123,329,159,170,1,24,24,5,277,3,155,71,103,346,164,182,2,23,36,3,280,2,167,82,97
141,Nicollet Public School District,52,507,1,525071,359,185,174,0,0,16,1,339,3,176,89,94,361,190,171,0,0,18,0,341,2,170,87,104,384,206,178,0,0,24,1,353,6,181,90,113,386,207,179,0,20,24,0,354,7,183,89,114,391,209,182,0,0,26,4,353,8,175,99,117
142,St. Peter Public School District,52,508,1,525081,1977,979,998,3,34,241,134,1539,26,946,471,560,2076,1026,1050,5,34,235,159,1594,49,974,519,583,2129,1019,1110,8,33,273,180,1584,51,1003,517,609,2255,1077,1178,4,31,304,215,1641,61,1023,523,709,2246,1051,1195,8,25,337,223,1582,71,1000,536,710
143,Adrian Public School District,53,511,1,535111,574,277,297,4,11,46,3,501,9,260,141,173,561,280,281,5,10,53,3,481,9,260,121,180,571,286,285,4,14,61,2,474,16,251,135,185,585,291,294,4,45,68,2,478,18,242,149,194,574,290,284,2,15,70,2,465,20,254,134,186
144,Worthington Public School District,53,518,1,535181,2996,1458,1538,5,346,1476,165,952,52,1472,630,894,3221,1555,1666,8,360,1617,177,1006,53,1577,687,957,3327,1626,1701,6,351,1639,212,1062,57,1633,718,976,3544,1699,1845,6,335,1720,227,1185,71,1783,776,985,3904,1868,2036,12,334,1865,238,1335,120,1977,835,1064
145,Byron Public School District,55,531,1,555311,1913,937,976,5,22,46,19,1782,39,940,438,535,1958,961,997,6,26,47,21,1814,44,920,469,569,2024,982,1042,6,27,57,21,1866,47,974,497,553,2079,1013,1066,5,360,67,15,1911,56,992,503,584,2114,1032,1082,5,38,65,15,1931,60,992,500,622
146,Dover-Eyota Public School District,55,533,1,555331,1105,530,575,2,10,18,3,1042,30,535,249,321,1132,551,581,1,10,20,2,1068,31,528,259,345,1128,555,573,0,9,20,3,1066,30,518,276,334,1124,544,580,0,32,23,5,1054,35,515,284,325,1101,536,565,0,6,24,2,1029,40,508,268,325
147,Stewartville Public School District,55,534,1,555341,2009,968,1041,4,14,57,23,1866,45,999,469,541,2056,985,1071,6,15,57,20,1916,42,1042,461,553,2078,1004,1074,6,21,60,19,1918,54,1033,493,552,2117,1037,1080,9,21,72,21,1946,55,1031,502,584,2108,1041,1067,5,11,65,15,1955,57,1048,502,558
148,Rochester Public School District,55,535,1,555351,17004,8286,8718,52,1729,1557,2093,10801,772,8333,3650,5021,17303,8421,8882,48,1765,1640,2157,10851,842,8521,3671,5111,17458,8490,8968,90,1753,1716,2244,10798,857,8542,3754,5162,17791,8628,9163,89,1785,1734,2497,10752,948,8558,3800,5406,18015,8730,9285,85,1788,1831,2595,10665,1051,8550,3897,5497
149,Battle Lake Public School District,56,542,1,565421,454,211,243,0,3,10,2,421,18,174,114,166,464,214,250,1,2,16,2,419,24,181,109,174,451,210,241,0,2,19,2,403,25,192,103,156,425,197,228,0,1775,18,2,380,21,182,95,148,428,199,229,0,3,17,2,381,25,186,94,148
150,Fergus Falls Public School District,56,544,1,565441,2642,1298,1344,27,18,57,91,2368,81,1129,570,943,2677,1332,1345,31,18,70,89,2375,94,1192,569,916,2765,1408,1357,19,18,80,108,2416,124,1232,599,934,2812,1414,1398,24,29,92,112,2441,118,1267,654,891,2890,1468,1422,17,23,96,119,2497,138,1278,697,915
151,Henning Public School District,56,545,1,565451,389,194,195,4,4,0,3,377,1,157,100,132,406,203,203,3,4,2,4,392,1,169,93,144,400,197,203,3,4,4,6,382,1,166,91,143,391,184,207,3,28,5,8,370,2,181,81,129,368,179,189,3,3,7,4,347,4,170,77,121
152,Parkers Prairie Public School Dist.,56,547,1,565471,522,240,282,0,1,11,0,501,9,242,123,157,548,255,293,1,0,13,3,520,11,248,132,168,564,262,302,0,0,12,4,534,14,238,144,182,558,269,289,0,3,11,3,533,11,237,148,173,552,262,290,0,0,14,2,529,7,223,154,175
153,Pelican Rapids Public School Dist.,56,548,1,565481,888,442,446,11,23,258,70,515,11,399,205,284,880,446,434,15,20,267,86,473,19,418,191,271,895,454,441,10,17,246,121,479,22,397,200,271,880,448,432,6,15,246,116,477,20,380,200,261,890,455,435,7,17,254,118,472,22,375,211,268
154,Perham-Dent Public School District,56,549,1,565491,1375,637,738,15,7,90,22,1208,33,592,306,477,1456,686,770,21,8,101,26,1261,39,626,342,488,1479,707,772,26,12,119,32,1236,54,626,355,498,1469,688,781,24,27,136,29,1207,61,644,351,474,1527,722,805,16,12,170,23,1245,61,681,342,504
155,Underwood Public School District,56,550,1,565501,587,283,304,2,8,4,9,563,1,270,142,175,598,300,298,1,8,3,10,576,0,273,149,176,574,277,297,2,7,2,10,551,2,258,142,174,545,262,283,5,24,4,8,514,2,256,134,155,567,276,291,8,14,5,7,531,2,265,127,175
156,New York Mills Public School Dist.,56,553,1,565531,711,336,375,2,0,13,7,677,12,346,154,211,746,349,397,0,0,14,10,709,13,367,164,215,743,354,389,4,0,11,7,710,11,362,177,204,758,367,391,0,12,16,9,722,11,381,175,202,744,352,392,2,0,16,8,703,15,361,183,200
157,Goodridge Public School District,57,561,1,575611,206,102,104,7,0,12,1,186,0,110,43,53,198,96,102,9,2,12,1,174,0,109,41,48,218,107,111,13,2,13,0,190,0,113,49,56,235,118,117,12,2,11,1,209,0,115,48,50,250,129,121,13,2,11,1,221,2,131,51,52
158,Thief River Falls School District,57,564,1,575641,1977,966,1011,42,23,126,28,1717,41,895,438,644,2027,984,1043,47,23,125,32,1736,64,930,444,653,2039,1015,1024,60,25,123,24,1730,77,926,477,636,2034,1004,1030,53,24,128,31,1708,92,954,480,600,2020,993,1027,52,22,133,35,1679,99,927,485,608
159,Willow River Public School District,58,577,1,585771,441,220,221,2,0,2,0,427,10,213,104,124,435,213,222,4,0,1,1,418,11,196,106,133,435,203,232,4,1,2,1,419,8,193,114,128,437,208,229,4,22,6,1,417,9,189,118,130,415,209,206,6,0,3,0,395,11,190,97,128
160,Pine City Public School District,58,578,1,585781,1668,816,852,15,6,53,10,1548,36,725,399,544,1640,788,852,16,7,53,14,1506,44,710,394,536,1658,787,871,18,6,50,15,1521,48,677,426,555,1643,789,854,25,6,57,14,1483,58,676,414,553,1594,762,832,18,7,58,12,1437,62,678,395,521
161,Edgerton Public School District,59,581,1,595811,381,191,190,2,2,64,0,306,7,195,78,108,401,201,200,3,3,78,1,306,10,193,88,120,402,195,207,2,2,79,12,297,10,199,95,108,423,209,214,3,7,97,11,302,9,198,84,117,427,208,219,5,1,76,16,318,11,202,87,118
162,Climax-Shelly Public Schools,60,592,1,605921,198,123,75,3,0,43,0,149,3,89,55,54,205,125,80,7,0,45,0,149,4,95,46,64,227,131,96,5,0,45,1,168,8,91,51,71,226,129,97,8,1,40,1,172,5,90,50,73,222,131,91,4,1,41,0,170,6,91,55,76
163,Crookston Public School District,60,593,1,605931,1259,631,628,27,10,251,24,916,31,597,273,389,1284,637,647,32,7,289,28,884,44,586,290,408,1259,618,641,28,12,274,39,855,51,548,298,413,1241,605,636,36,11,284,28,818,64,528,299,387,1191,585,606,40,7,266,19,791,68,512,286,365
164,East Grand Forks Public School Dist,60,595,1,605951,1786,917,869,19,5,181,68,1473,40,858,409,519,1881,959,922,19,8,203,113,1494,44,907,421,553,1881,926,955,18,5,191,160,1444,63,931,399,551,1917,951,966,19,12,190,202,1431,74,937,407,573,1965,948,1017,20,1,196,227,1436,85,964,413,588
165,Fertile-Beltrami School District,60,599,1,605991,442,218,224,6,3,12,2,417,2,215,102,125,472,235,237,5,2,13,3,447,2,228,110,134,466,233,233,6,3,9,3,442,3,225,103,138,460,224,236,3,3,9,3,439,4,215,113,132,476,231,245,3,2,15,2,445,9,210,123,143
166,Fisher Public School District,60,600,1,606001,263,125,138,1,0,21,2,236,3,126,49,88,257,118,139,0,0,25,4,227,1,119,56,82,274,134,140,1,3,27,4,233,6,121,67,86,272,127,145,1,3,29,8,226,7,129,64,79,274,130,144,0,1,34,6,226,7,129,60,85
167,Fosston Public School District,60,601,1,606011,630,295,335,20,3,11,2,564,30,287,160,183,642,296,346,19,3,15,6,562,37,289,152,201,659,301,358,16,4,16,7,574,42,298,158,203,642,295,347,18,4,16,3,548,54,263,165,214,614,281,333,19,2,20,2,518,53,269,150,195
168,Mounds View Public School District,62,621,1,626211,11011,5237,5774,64,1265,844,1024,7330,484,4987,2418,3606,11401,5420,5981,64,1296,939,1129,7418,555,5163,2491,3747,11556,5537,6019,59,1331,957,1211,7361,637,5256,2590,3710,11647,5601,6046,55,1344,981,1212,7390,668,5324,2614,3709,11957,5708,6249,58,1398,1054,1284,7433,730,5391,2678,3780
169,North St. Paul-Maplewood Oakdale,62,622,1,626221,10603,5142,5461,68,1790,1216,1622,5241,666,4613,2288,3702,10535,5122,5413,51,1886,1293,1710,4900,695,4619,2318,3598,10528,5133,5395,48,2052,1381,1790,4476,781,4647,2250,3557,10767,5234,5533,42,3570,1462,1919,4248,867,4637,2326,3585,10808,5294,5514,128,2365,1515,2053,3912,835,4615,2348,3539
170,Roseville Public School District,62,623,1,626231,7530,3689,3841,38,1512,900,1061,3710,309,3639,1625,2266,7616,3782,3834,41,1562,956,1129,3573,355,3638,1637,2341,7684,3745,3939,32,1555,993,1157,3517,430,3641,1664,2379,7768,3772,3996,31,3790,1049,1245,3393,489,3558,1755,2408,7655,3734,3921,28,1501,1047,1213,3342,524,3541,1688,2377
171,White Bear Lake School District,62,624,1,626241,8220,3993,4227,48,550,455,379,6421,367,3932,1852,2436,8313,4004,4309,42,568,470,395,6446,392,4089,1809,2415,8483,4073,4410,42,581,548,449,6366,497,4225,1858,2400,8744,4185,4559,40,2151,629,505,6431,549,4360,1843,2530,8860,4291,4569,33,632,637,539,6464,555,4351,1970,2497
172,St. Paul Public School District,62,625,1,626251,37865,18250,19615,475,11655,5331,10276,8420,1708,19313,7435,11117,37646,18153,19493,480,11670,5301,10113,8223,1859,19161,7345,11140,37110,17944,19166,421,11761,5224,9904,7863,1937,18840,7262,10929,37297,18065,19232,377,12412,5225,10021,7757,2095,18619,7346,10991,36888,17788,19100,377,11509,5214,9813,7681,2294,18154,7327,10989
173,Red Lake Falls Public School Dist.,63,630,1,636301,360,176,184,0,1,23,1,320,15,166,86,108,369,180,189,0,1,25,1,332,10,171,92,106,365,172,193,0,0,26,1,330,8,165,93,107,365,177,188,2,11822,22,1,326,14,175,82,108,370,182,188,2,0,20,1,331,16,187,71,112
174,Wabasso Public School District,64,640,1,646401,366,181,185,1,2,2,2,357,2,127,96,143,387,191,196,0,3,4,2,377,1,128,110,149,378,184,194,0,4,4,2,365,3,131,105,142,395,194,201,0,4,7,0,379,5,134,104,157,407,214,193,1,3,6,0,390,7,140,103,164
175,Faribault Public School District,66,656,1,666561,3877,1825,2052,7,71,848,567,2311,73,1649,864,1364,3888,1815,2073,12,85,880,692,2156,63,1642,865,1381,3799,1812,1987,6,74,899,795,1945,80,1605,820,1348,3777,1796,1981,5,75,914,899,1792,96,1571,813,1345,3652,1746,1906,6,70,929,889,1651,107,1516,750,1309
176,Northfield Public School District,66,659,1,666591,3930,1978,1952,8,68,516,68,3191,79,1688,958,1284,3970,1975,1995,7,60,542,71,3199,91,1701,925,1344,4025,2003,2022,8,64,557,70,3233,93,1730,957,1338,4083,2033,2050,6,132,570,86,3248,112,1736,958,1389,4067,2019,2048,7,63,579,82,3204,132,1675,966,1426
177,Hills-Beaver Creek School District,67,671,1,676711,353,170,183,0,0,12,3,336,2,182,79,92,374,180,194,1,0,10,5,355,3,185,98,91,380,183,197,0,0,13,2,359,6,183,97,100,376,183,193,0,61,13,3,353,7,175,99,102,364,178,186,0,0,13,3,341,7,167,87,110
178,Badger Public School District,68,676,1,686761,257,125,132,1,4,2,6,244,0,108,60,89,257,128,129,0,6,4,12,235,0,117,59,81,269,136,133,0,6,5,9,247,2,126,70,73,236,118,118,1,4,5,5,218,3,101,61,74,220,104,116,1,4,3,7,201,4,89,57,74
179,Roseau Public School District,68,682,1,686821,1184,571,613,1,10,11,9,1132,21,541,274,369,1174,573,601,3,6,12,14,1116,23,543,284,347,1172,565,607,3,5,15,11,1109,29,553,279,340,1179,578,601,9,10,17,12,1105,30,558,253,368,1183,574,609,9,9,13,14,1109,29,557,256,370
180,Warroad Public School District,68,690,1,686901,1038,496,542,81,85,18,6,797,51,477,258,303,1023,496,527,85,84,15,2,782,55,475,231,317,1021,489,532,89,83,19,4,759,67,479,220,322,980,479,501,75,88,15,7,731,70,436,228,316,1002,491,511,65,81,21,5,739,91,473,216,313
181,Chisholm Public School District,69,695,1,696951,754,364,390,16,2,6,15,701,14,375,188,191,745,359,386,10,3,6,12,701,13,355,191,199,755,379,376,15,2,9,17,683,29,362,177,216,732,364,368,21,84,11,16,654,28,338,175,219,726,371,355,16,1,7,20,658,24,331,171,207
182,Ely Public School District,69,696,1,696961,554,262,292,12,5,7,3,502,25,268,125,161,571,270,301,9,4,12,6,511,29,278,127,166,585,279,306,6,3,12,7,531,26,281,128,176,600,290,310,8,5,10,5,539,35,299,135,166,573,289,284,8,3,9,4,515,34,275,143,155
183,Floodwood Public School District,69,698,1,696981,245,123,122,6,0,0,5,231,3,84,64,97,234,119,115,6,0,0,6,214,8,92,54,88,250,123,127,9,1,2,5,219,14,89,51,80,250,130,120,11,3,2,5,218,14,96,42,89,222,118,104,10,0,2,6,189,15,84,34,81
184,Hermantown Public School District,69,700,1,697001,2078,1007,1071,11,32,39,11,1923,62,933,486,659,2150,1041,1109,10,32,49,16,1978,65,977,505,668,2141,1031,1110,8,29,41,17,1976,70,958,516,667,2149,1025,1124,10,28,44,16,1982,69,955,518,676,2110,1031,1079,14,25,48,22,1937,64,934,509,667
185,Hibbing Public School District,69,701,1,697011,2403,1205,1198,39,27,32,54,2148,103,1198,549,656,2455,1218,1237,41,23,32,56,2168,135,1223,541,691,2445,1215,1230,41,25,34,57,2148,140,1198,569,678,2460,1235,1225,36,51,36,63,2161,141,1193,596,671,2407,1191,1216,32,19,40,58,2100,158,1126,607,674
186,Proctor Public School District,69,704,1,697041,1812,842,970,19,9,37,12,1699,36,817,445,550,1832,862,970,12,5,35,8,1721,51,843,443,546,1851,853,998,11,5,38,9,1713,75,866,439,546,1814,842,972,16,28,44,8,1665,76,830,446,538,1804,824,980,16,3,45,6,1645,89,841,438,525
187,Virginia Public School District,69,706,1,697061,1676,806,870,40,10,43,25,1400,158,853,394,429,1695,806,889,50,9,44,34,1400,158,838,392,465,1663,765,898,45,9,46,27,1366,170,841,400,422,1686,753,933,49,12,51,33,1390,156,837,388,461,1765,786,979,43,9,48,35,1472,158,831,389,472
188,Duluth Public School District,69,709,1,697091,8819,4205,4614,410,148,189,543,6998,531,4125,1746,2948,8632,4165,4467,423,140,207,544,6740,578,3979,1683,2970,8547,4163,4384,372,132,241,539,6594,669,3887,1716,2900,8844,4310,4534,346,128,253,551,6768,798,3963,1790,2896,8706,4262,4444,336,130,243,494,6688,815,3967,1770,2904
189,Mountain Iron-Buhl School District,69,712,1,697121,573,220,353,19,1,12,44,458,39,244,120,209,585,219,366,26,0,11,49,457,42,251,126,208,509,226,283,18,0,16,4,427,44,261,102,146,507,224,283,11,128,21,6,428,41,243,128,136,536,226,310,16,1,22,6,444,47,262,136,138
190,Belle Plaine Public School District,70,716,1,707161,1620,764,856,5,30,54,17,1472,42,778,356,486,1635,778,857,6,32,63,15,1464,55,778,366,491,1655,772,883,5,31,75,14,1474,56,797,384,474,1654,796,858,6,28,83,26,1454,57,804,374,476,1627,782,845,6,35,82,25,1411,68,777,369,481
191,Jordan Public School District,70,717,1,707171,1809,874,935,19,25,160,21,1554,30,839,428,542,1825,891,934,21,28,165,24,1544,43,834,419,572,1811,896,915,19,27,179,32,1498,56,826,447,538,1839,882,957,20,57,186,38,1499,67,802,475,562,1908,926,982,24,32,183,44,1543,82,822,475,611
192,Prior Lake-Savage Area Schools,70,719,1,707191,7704,3762,3942,66,399,276,276,6474,213,3378,1777,2549,8002,3939,4063,60,402,315,295,6677,253,3509,1839,2654,8425,4134,4291,61,417,384,322,6947,294,3785,1971,2669,8710,4304,4406,74,451,404,350,7095,365,3938,1979,2793,8931,4426,4505,73,436,437,405,7169,411,3970,2087,2874
193,Shakopee Public School District,70,720,1,707201,7935,3840,4095,87,959,1062,574,4841,412,3882,1771,2282,8165,3952,4213,108,996,1097,636,4883,445,3882,1847,2436,8304,4019,4285,101,991,1125,715,4882,490,3800,1965,2539,8380,4056,4324,88,1413,1131,825,4841,504,3774,1998,2608,8319,4038,4281,88,908,1147,890,4777,509,3612,2003,2704
194,New Prague Area Schools,70,721,1,707211,4021,1989,2032,13,37,62,42,3850,17,1835,903,1283,4127,2031,2096,17,44,77,36,3916,37,1881,929,1317,4156,2038,2118,22,44,91,34,3914,51,1912,907,1337,4232,2103,2129,28,1034,94,35,3968,64,1927,960,1345,4276,2091,2185,25,43,115,43,3974,76,1972,956,1348
195,Becker Public School District,71,726,1,717261,2804,1376,1428,12,16,58,19,2646,53,1218,691,895,2825,1412,1413,11,13,56,18,2658,69,1263,678,884,2880,1429,1451,12,15,70,24,2670,89,1317,671,892,2902,1465,1437,7,61,75,25,2697,80,1331,662,909,2942,1489,1453,9,24,74,19,2729,87,1318,709,915
196,Big Lake Public School District,71,727,1,717271,3255,1648,1607,19,48,138,77,2868,105,1569,713,973,3210,1594,1616,19,49,142,89,2802,109,1531,728,951,3124,1560,1564,16,50,139,78,2719,122,1463,759,902,3091,1542,1549,14,73,144,92,2654,132,1456,734,901,3056,1532,1524,12,56,149,90,2607,142,1417,750,889
197,Elk River School District,71,728,1,717281,13076,6364,6712,52,258,429,253,11559,525,6151,3019,3906,13136,6361,6775,46,245,422,273,11628,522,6096,3085,3955,13219,6377,6842,46,232,444,285,11630,582,6124,3073,4022,13461,6546,6915,44,319,492,291,11719,651,6259,3145,4057,13670,6620,7050,37,285,503,368,11781,696,6431,3151,4088
198,Holdingford Public School District,73,738,1,737381,1015,481,534,3,1,5,3,997,6,436,232,347,1046,507,539,2,3,5,5,1025,6,457,244,345,1089,524,565,3,2,4,6,1068,6,511,236,342,1085,523,562,1,268,9,8,1056,7,503,221,361,1064,519,545,1,2,13,6,1039,3,495,246,323
199,Kimball Public School District,73,739,1,737391,691,337,354,1,1,9,2,662,16,324,150,217,708,337,371,0,1,5,2,680,20,329,156,223,740,343,397,0,1,7,3,703,26,339,177,224,748,344,404,0,5,9,3,710,25,329,193,226,758,347,411,0,1,7,4,719,27,329,194,235
200,Melrose Public School District,73,740,1,737401,1362,646,716,0,2,348,10,1002,0,502,360,500,1359,638,721,0,2,355,7,993,2,491,344,524,1383,646,737,0,3,385,8,984,3,522,310,551,1319,633,686,2,6,371,7,929,5,478,307,534,1331,645,686,4,2,378,7,936,4,490,332,509
201,Paynesville Public School District,73,741,1,737411,964,480,484,1,6,28,6,908,15,456,225,283,944,476,468,2,6,30,6,887,13,431,239,274,950,484,466,1,5,41,5,883,15,422,226,302,933,478,455,0,7,41,5,869,16,402,228,303,928,474,454,0,1,34,6,869,18,401,217,310
202,St. Cloud Public School District,73,742,1,737421,10277,4916,5361,69,336,590,2551,6066,665,4855,2170,3252,10233,4865,5368,55,323,620,2913,5634,688,4764,2129,3340,9802,4663,5139,56,307,573,3313,4964,589,4299,2108,3337,10096,4776,5320,63,311,600,3725,4795,604,4342,2159,3370,10292,4852,5440,64,318,627,3954,4663,666,4508,2130,3429
203,Sauk Centre Public School District,73,743,1,737431,1014,505,509,0,5,66,9,928,6,433,228,353,1063,530,533,2,8,79,7,958,9,478,252,333,1047,535,512,1,5,72,4,953,12,468,239,340,1084,539,545,0,316,81,4,977,15,478,248,358,1098,560,538,1,4,95,0,978,20,483,256,359
204,Albany Public School District,73,745,1,737451,1732,859,873,1,11,47,9,1636,28,811,391,530,1724,870,854,1,8,48,8,1632,27,792,391,541,1731,891,840,0,9,44,8,1641,29,814,396,521,1788,923,865,0,14,43,7,1708,23,858,400,530,1768,899,869,0,6,40,7,1692,23,835,410,523
205,Sartell-St. Stephen School District,73,748,1,737481,3771,1864,1907,6,82,55,58,3520,50,1784,894,1093,3846,1920,1926,5,83,62,65,3578,53,1813,890,1143,3925,1950,1975,7,85,74,72,3611,76,1763,971,1191,3941,1941,2000,6,104,73,67,3626,72,1728,1016,1197,4074,2019,2055,14,98,83,88,3698,93,1778,1049,1247
206,Rocori Public School District,73,750,1,737501,2046,965,1081,6,6,189,15,1809,21,768,512,766,2081,981,1100,10,5,190,17,1837,22,774,508,799,2075,989,1086,7,5,209,14,1816,24,779,489,807,2100,1001,1099,5,101,217,21,1830,23,757,532,811,2135,1030,1105,5,7,232,22,1843,26,779,558,798
207,Blooming Prairie Public School Dist,74,756,1,747561,710,347,363,0,3,70,2,622,13,345,157,208,709,330,379,0,3,61,1,629,15,354,177,178,741,351,390,0,2,65,2,652,20,361,190,190,734,347,387,0,5,49,6,660,18,362,184,188,759,368,391,0,1,62,3,675,18,365,185,209
208,Owatonna Public School District,74,761,1,747611,4948,2450,2498,4,67,662,337,3774,104,2327,1036,1585,4959,2449,2510,7,57,666,380,3742,107,2324,1081,1554,4976,2480,2496,8,69,707,400,3682,110,2367,1077,1532,4976,2452,2524,5,63,722,426,3628,133,2308,1122,1546,5092,2513,2579,5,67,767,442,3688,123,2314,1100,1590
209,Medford Public School District,74,763,1,747631,853,409,444,1,9,110,6,710,17,407,202,244,897,428,469,0,9,125,6,736,21,422,222,253,895,424,471,0,9,132,5,723,26,403,227,265,911,446,465,0,71,143,4,724,31,408,223,280,891,457,434,1,9,146,7,700,28,402,214,275
210,Hancock Public School District,75,768,1,757681,320,141,179,1,3,13,0,301,2,168,71,81,340,154,186,1,1,21,0,314,3,175,80,85,346,150,196,1,3,22,0,316,4,177,77,92,350,154,196,1,11,26,0,316,5,170,83,97,369,173,196,1,0,36,2,324,6,179,86,104
211,Chokio-Alberta Public School Dist.,75,771,1,757711,171,80,91,0,0,7,1,162,1,81,34,56,158,72,86,0,0,2,1,155,0,62,51,45,157,78,79,0,0,2,2,153,0,67,49,41,159,79,80,0,2,5,2,152,0,60,55,44,155,72,83,0,0,2,1,152,0,63,33,59
212,Kerkhoven-Murdock-Sunburg,76,775,1,767751,631,310,321,0,2,71,1,555,2,343,133,155,674,338,336,0,3,77,4,586,4,358,140,176,703,348,355,0,1,82,5,606,9,386,151,166,721,358,363,0,2,91,5,616,7,390,175,156,729,359,370,0,2,79,8,629,11,362,184,183
213,Benson Public School District,76,777,1,767771,869,433,436,5,3,63,8,778,12,373,197,299,863,426,437,5,4,66,21,742,25,374,205,284,869,440,429,9,5,65,21,749,20,375,194,269,862,432,430,5,8,78,30,728,15,380,177,275,838,407,431,6,4,77,16,713,22,346,166,276
214,Bertha-Hewitt Public School Dist.,77,786,1,777861,416,202,214,1,4,9,4,393,5,183,78,155,426,203,223,1,3,13,4,397,8,197,91,138,444,212,232,0,3,9,5,413,14,205,101,138,478,226,252,0,9,11,3,444,17,223,113,142,494,231,263,1,1,9,4,459,20,214,119,143
215,Browerville Public School District,77,787,1,777871,404,180,224,1,6,9,0,384,4,156,100,148,401,177,224,1,5,15,0,375,5,164,94,143,460,192,268,1,7,25,0,424,3,165,124,171,559,234,325,0,8,31,0,516,7,249,135,175,566,242,324,0,2,32,1,522,9,245,140,181
216,Browns Valley Public School Dist,78,801,1,788011,101,45,56,60,0,0,0,41,0,72,29,0,103,51,52,50,0,0,0,53,0,77,26,0,142,71,71,80,0,2,2,58,0,107,35,0,164,78,86,94,5,1,2,67,0,114,35,0,173,81,92,98,1,1,1,72,0,112,43,0
217,Wheaton Area Public School District,78,803,1,788031,408,192,216,4,0,25,6,363,10,179,97,132,402,191,211,2,0,32,6,354,8,183,96,123,422,197,225,5,0,31,6,362,18,172,98,128,404,193,211,2,0,34,4,345,19,168,91,121,392,185,207,3,0,41,1,324,23,159,81,129
218,Wabasha-Kellogg Public School Dist.,79,811,1,798111,557,280,277,2,2,8,36,505,4,225,136,196,565,279,286,0,3,13,42,503,4,245,125,195,545,270,275,0,3,12,29,495,6,237,119,189,540,266,274,0,3,20,31,475,11,227,124,189,515,261,254,1,4,18,19,463,10,215,133,167
219,Lake City Public School District,79,813,1,798131,1266,635,631,2,9,68,10,1163,14,593,285,388,1256,632,624,5,13,73,10,1137,18,571,289,396,1249,620,629,3,7,75,8,1133,23,566,286,397,1243,614,629,2,10,73,9,1127,25,562,283,398,1253,617,636,1,7,87,8,1126,24,566,295,392
220,Verndale Public School District,80,818,1,808181,524,257,267,1,7,4,5,490,17,245,115,164,531,259,272,3,7,1,7,500,13,247,131,153,545,266,279,5,12,4,6,506,12,255,128,162,551,269,282,7,17,7,7,507,13,252,136,163,573,283,290,5,10,12,5,530,11,245,147,181
221,Sebeka Public School District,80,820,1,808201,479,247,232,2,1,2,2,453,19,221,102,156,499,257,242,2,5,0,2,472,18,245,113,141,507,258,249,1,5,3,3,471,24,234,127,146,514,262,252,0,12,1,2,487,22,241,132,141,496,253,243,0,1,3,1,466,25,220,131,145
222,Menahga Public School District,80,821,1,808211,963,495,468,1,2,9,0,936,15,521,216,226,989,508,481,1,3,14,0,957,14,502,247,240,994,522,472,3,2,12,0,957,20,492,267,235,1015,534,481,3,6,13,0,968,27,502,265,248,1039,541,498,1,3,14,1,991,29,489,254,296
223,Waseca Public School District,81,829,1,818291,1930,903,1027,7,14,211,40,1625,33,777,487,666,1906,917,989,8,20,215,58,1585,20,759,474,673,1911,937,974,12,19,198,62,1583,37,757,487,667,1954,950,1004,9,24,237,67,1575,46,796,475,683,1945,945,1000,9,19,241,74,1544,58,744,495,706
224,Forest Lake Public School District,82,831,1,828311,6716,3232,3484,33,191,201,65,6009,217,2960,1620,2136,6595,3141,3454,36,200,207,81,5821,250,2875,1581,2139,6378,3057,3321,28,195,202,103,5588,262,2735,1513,2130,6261,2970,3291,35,230,200,130,5436,250,2714,1411,2136,6148,2935,3213,31,224,218,149,5274,252,2633,1401,2114
225,Mahtomedi Public School District,82,832,1,828321,3317,1662,1655,4,69,136,102,2888,118,1341,831,1145,3315,1661,1654,4,71,139,107,2854,140,1323,826,1166,3252,1613,1639,0,71,139,111,2777,154,1249,833,1170,3305,1629,1676,2,294,138,127,2791,163,1284,822,1199,3342,1647,1695,3,100,138,135,2789,177,1311,835,1196
226,South Washington County School Dist,82,833,1,828331,17808,8633,9175,50,1731,1309,1299,12547,872,8150,4068,5590,17887,8644,9243,55,1761,1321,1331,12477,942,8174,4044,5669,18623,9011,9612,61,1923,1412,1383,12791,1053,8806,4122,5669,18924,9108,9816,56,2096,1503,1486,12735,1132,8836,4284,5760,18966,9166,9800,55,2042,1547,1457,12670,1195,8793,4269,5837
227,Stillwater Area Public School Dist.,82,834,1,828341,8229,3974,4255,19,331,282,283,7084,230,3492,1913,2824,8176,3993,4183,24,338,309,299,6937,269,3438,1908,2830,8357,4091,4266,21,359,363,340,6972,302,3533,1965,2859,8444,4144,4300,21,2394,381,369,6976,315,3590,1975,2879,8554,4162,4392,21,416,431,390,6923,373,3692,1960,2902
228,Butterfield Public School District,83,836,1,838361,225,119,106,0,10,96,1,117,1,95,53,77,227,118,109,0,8,111,1,105,2,104,46,77,216,108,108,0,7,115,1,91,2,96,30,73,204,101,103,0,390,110,1,83,2,82,45,65,208,102,106,0,8,119,1,78,2,83,51,63
229,Madelia Public School District,83,837,1,838371,520,259,261,0,2,191,15,306,6,225,115,180,546,276,270,0,2,214,16,308,6,244,123,179,544,279,265,0,2,226,12,296,8,261,108,175,597,294,303,0,10,263,11,317,4,265,112,190,614,299,315,3,2,272,13,319,5,267,118,184
230,St. James Public School District,83,840,1,838401,998,501,497,0,6,462,3,518,9,443,227,328,972,484,488,5,9,461,2,486,9,457,199,316,1049,515,534,1,6,522,5,510,5,464,203,330,1065,526,539,3,10,540,2,506,6,475,220,318,1042,518,524,3,7,528,1,498,5,484,218,290
231,Breckenridge Public School District,84,846,1,848461,647,317,330,8,0,26,5,579,29,253,140,254,659,311,348,7,0,25,6,598,23,260,135,264,666,316,350,16,0,28,7,586,29,280,133,253,647,309,338,16,8,31,7,563,30,269,137,241,643,301,342,13,4,37,4,538,47,273,138,232
232,Rothsay Public School District,84,850,1,848501,270,118,152,1,0,9,4,256,0,154,46,70,292,137,155,1,1,7,6,277,0,165,43,84,300,139,161,2,0,7,4,287,0,171,56,73,307,145,162,1,0,10,5,290,1,162,72,73,304,142,162,0,0,13,7,282,2,139,85,66
233,Lewiston-Altura Public School Dist,85,857,1,858571,737,345,392,0,6,42,7,673,9,343,155,239,755,351,404,0,6,47,7,685,10,315,166,274,748,363,385,0,6,50,6,675,11,318,163,267,733,356,377,0,4,57,6,653,13,292,177,264,745,372,373,0,4,64,6,657,14,296,163,286
234,St. Charles Public School District,85,858,1,858581,996,460,536,0,24,124,7,807,34,477,222,297,1005,468,537,0,22,124,4,823,32,481,206,318,972,462,510,0,18,123,4,794,33,451,224,297,956,462,494,0,23,125,4,781,27,449,220,287,996,480,516,0,16,136,5,805,34,465,238,293
235,Winona Area Public School District,85,861,1,858611,3177,1498,1679,10,125,113,142,2682,105,1410,685,1082,3127,1496,1631,12,120,114,175,2573,133,1372,697,1058,3117,1488,1629,10,108,115,184,2567,133,1373,696,1048,3090,1462,1628,13,112,128,178,2516,162,1361,695,1024,2937,1406,1531,16,87,139,182,2344,169,1239,648,1036
236,Annandale Public School District,86,876,1,868761,1748,867,881,2,11,39,13,1611,72,863,368,517,1795,894,901,1,11,42,15,1641,85,894,368,533,1840,916,924,1,12,40,16,1690,81,910,400,530,1893,946,947,1,103,47,20,1754,61,902,461,530,1974,977,997,1,9,46,22,1814,82,950,485,539
237,Buffalo-Hanover-Montrose Public Sch,86,877,1,868771,5868,2893,2975,23,61,197,76,5347,164,2649,1399,1820,5831,2858,2973,19,61,198,74,5304,175,2630,1330,1871,5846,2849,2997,22,61,212,73,5297,181,2598,1351,1897,5821,2865,2956,23,72,227,75,5257,177,2571,1352,1898,5860,2874,2986,24,62,225,77,5299,173,2572,1380,1908
238,Delano Public School District,86,879,1,868791,2402,1193,1209,5,27,47,14,2262,47,1092,567,743,2448,1201,1247,7,28,43,12,2300,58,1099,579,770,2525,1243,1282,7,28,47,10,2365,68,1132,594,799,2521,1244,1277,3,90,45,9,2360,76,1127,612,782,2501,1229,1272,3,20,44,9,2347,78,1096,609,796
239,Maple Lake Public School District,86,881,1,868811,892,431,461,2,7,5,10,860,8,357,203,332,880,430,450,2,7,5,8,847,11,361,210,309,858,431,427,3,10,3,7,821,14,345,215,298,847,424,423,4,36,8,7,803,17,337,211,299,850,413,437,1,6,14,4,812,13,358,181,311
240,Monticello Public School District,86,882,1,868821,4193,2034,2159,12,45,277,66,3703,90,2011,913,1269,4096,1958,2138,6,46,289,65,3586,104,1942,943,1211,4094,1932,2162,5,50,296,67,3562,114,1943,949,1202,4168,1990,2178,6,58,343,76,3568,125,1924,1019,1225,4125,1977,2148,16,41,333,77,3510,148,1854,1032,1239
241,Rockford Public School District,86,883,1,868831,1688,842,846,0,50,130,32,1420,56,822,399,467,1718,839,879,1,48,139,39,1418,73,827,431,460,1723,853,870,5,37,132,40,1438,71,834,411,478,1724,842,882,7,82,147,52,1411,75,811,415,498,1634,784,850,5,28,158,52,1333,58,753,387,494
242,St. Michael-Albertville School Dist,86,885,1,868851,5904,2899,3005,8,123,154,135,5271,213,2794,1391,1719,6096,2981,3115,7,114,171,152,5423,229,2786,1496,1814,6286,3037,3249,7,122,166,170,5583,238,2843,1530,1913,6335,3048,3287,6,156,197,221,5545,242,2775,1546,2014,6463,3093,3370,7,122,216,239,5611,268,2777,1571,2115
243,Canby Public School District,87,891,1,878911,515,238,277,0,2,10,4,498,1,228,112,175,521,253,268,0,2,10,4,502,3,225,119,177,535,274,261,0,2,18,6,501,8,240,129,166,570,286,284,1,126,17,7,533,10,258,138,174,579,292,287,1,2,16,6,542,12,258,134,187
244,Cambridge-Isanti Public School Dist,30,911,1,309111,4976,2394,2582,37,77,132,42,4509,179,2372,1096,1508,4907,2360,2547,35,69,134,46,4411,212,2315,1113,1479,5079,2444,2635,32,83,155,60,4537,212,2387,1116,1576,4995,2399,2596,22,83,144,64,4465,219,2305,1115,1575,5040,2419,2621,25,81,156,56,4488,234,2328,1148,1564
245,Milaca Public School District,48,912,1,489121,1948,926,1022,27,7,22,6,1823,63,930,422,596,1862,879,983,23,8,19,4,1741,67,901,396,565,1850,890,960,20,4,18,7,1735,66,852,416,582,1830,887,943,14,90,20,6,1711,70,832,418,580,1812,866,946,13,9,28,10,1680,72,828,440,544
246,Ulen-Hitterdal Public School Dist,14,914,1,149141,309,143,166,15,3,3,3,278,7,151,78,80,307,144,163,16,6,3,5,264,13,143,81,83,304,138,166,18,5,2,3,254,22,141,78,85,307,140,167,21,14,9,5,243,24,143,72,92,303,143,160,20,5,7,3,242,26,141,67,95
247,Lake Crystal-Wellcome Memorial,7,2071,1,720711,856,418,438,2,4,28,12,807,3,438,179,239,883,446,437,0,5,29,15,825,9,439,193,251,880,447,433,0,5,28,9,832,6,442,184,254,913,458,455,5,6,38,16,841,7,470,197,246,915,468,447,4,4,29,22,847,9,450,213,252
248,Triton School District,20,2125,1,2021251,1156,577,579,3,2,207,15,895,34,554,292,310,1141,569,572,3,2,216,4,887,29,531,275,335,1147,568,579,2,3,210,7,902,23,529,286,332,1117,532,585,4,9,218,7,855,30,496,283,338,1075,520,555,3,3,207,6,829,27,480,245,350
249,United South Central School Dist.,22,2134,1,2221341,681,325,356,0,2,101,2,558,18,302,153,226,684,334,350,0,1,105,2,557,19,301,165,218,716,351,365,0,2,108,7,577,22,308,168,199,707,349,358,0,7,105,6,565,27,317,154,193,737,369,368,0,2,107,6,593,29,311,163,213
250,Maple River School District,7,2135,1,721351,973,482,491,2,5,26,5,913,22,425,226,322,944,466,478,2,5,36,4,878,19,418,209,317,953,460,493,1,4,34,7,885,22,427,203,323,927,446,481,2,7,38,9,855,20,416,197,314,904,435,469,2,4,40,5,831,22,413,203,288
251,Kingsland Public School District,23,2137,1,2321371,608,289,319,0,6,7,1,579,15,305,118,185,601,280,321,0,7,8,2,565,19,301,123,177,576,263,313,0,6,7,1,542,20,302,121,153,557,271,286,1,7,9,4,524,15,264,135,158,554,253,301,0,3,8,8,519,16,255,134,165
252,St. Louis County School District,69,2142,1,6921421,1934,919,1015,156,4,26,8,1602,138,907,457,570,1910,906,1004,125,5,31,9,1535,205,884,459,567,1977,942,1035,149,5,32,11,1569,211,894,494,581,2007,949,1058,138,11,39,12,1595,216,867,492,578,2061,969,1092,161,4,34,15,1633,214,884,477,628
253,Waterville-Elysian-Morristown,40,2143,1,4021431,843,423,420,9,1,42,4,768,19,408,177,258,813,414,399,7,3,45,8,730,20,401,179,233,790,388,402,7,5,63,9,683,23,391,173,226,769,379,390,6,10,47,15,677,21,372,191,206,791,388,403,6,4,49,21,691,20,376,208,207
254,Chisago Lakes School District,13,2144,1,1321441,3361,1645,1716,5,41,54,17,3164,80,1438,786,1137,3380,1617,1763,5,45,57,19,3176,78,1456,815,1109,3396,1637,1759,4,44,65,21,3174,88,1466,829,1101,3451,1672,1779,5,42,71,21,3222,93,1542,804,1105,3475,1685,1790,2,37,67,24,3242,103,1560,815,1100
255,Minnewaska School District,61,2149,1,6121491,1150,503,647,6,12,22,21,1082,7,545,267,338,1186,509,677,5,12,25,19,1111,14,569,292,325,1245,557,688,9,15,27,18,1160,16,614,294,337,1245,556,689,8,55,30,14,1158,19,601,283,361,1304,579,725,6,20,28,11,1206,33,637,299,368
256,Eveleth-Gilbert School District,69,2154,1,6921541,1062,551,511,17,5,11,11,1001,17,486,272,304,1014,523,491,14,3,13,8,955,21,478,236,300,998,514,484,11,3,14,7,943,20,447,250,301,944,491,453,10,19,13,5,891,22,403,252,289,738,379,359,7,4,16,3,684,24,294,165,279
257,Wadena-Deer Creek School District,80,2155,1,8021551,986,504,482,9,6,28,19,911,13,490,214,282,971,500,471,7,6,35,17,889,17,510,195,266,985,498,487,3,5,39,19,894,25,513,203,269,1042,530,512,2,11,41,21,939,31,518,243,281,1040,547,493,2,11,38,23,932,34,488,261,291
258,Buffalo Lk-Hector-Stewart Public Sc,65,2159,1,6521591,562,268,294,0,6,72,0,472,12,280,125,157,538,257,281,0,7,82,1,436,12,261,131,146,539,262,277,0,6,68,4,448,13,256,129,154,525,247,278,0,12,66,0,442,13,247,127,151,504,244,260,1,3,57,0,426,17,229,124,151
259,Dilworth-Glyndon-Felton,14,2164,1,1421641,1599,780,819,12,1,109,8,1446,23,888,328,383,1663,813,850,18,2,114,14,1480,35,917,362,384,1659,818,841,23,1,109,17,1473,36,885,378,396,1648,799,849,28,5,102,23,1456,38,882,358,408,1642,810,832,27,2,120,30,1427,36,846,384,412
260,Hinckley-Finlayson School District,58,2165,1,5821651,960,430,530,163,5,23,20,727,22,478,216,266,977,443,534,160,7,24,23,726,37,476,219,282,956,435,521,153,8,35,20,699,41,474,221,261,996,469,527,147,12,39,26,721,52,468,218,275,976,482,494,143,10,38,18,717,50,444,212,267
261,Lakeview School District,42,2167,1,4221671,679,330,349,3,7,24,2,634,9,283,159,237,680,333,347,3,10,16,2,643,6,300,139,241,657,325,332,4,7,27,5,606,8,313,126,218,670,334,336,5,22,46,2,597,9,318,131,221,647,316,331,4,9,42,3,579,10,295,159,193
262,Nrheg School District,81,2168,1,8121681,934,459,475,0,3,22,8,889,12,438,220,276,920,449,471,3,3,29,9,865,11,431,212,277,926,464,462,2,3,33,8,867,13,427,236,263,892,450,442,2,14,35,7,829,16,398,216,278,899,443,456,1,5,40,8,828,17,390,227,282
263,Murray County Central School Dist.,51,2169,1,5121691,748,374,374,5,5,25,6,701,6,359,174,215,742,360,382,5,4,26,6,695,6,357,168,217,731,358,373,5,4,19,6,693,4,350,169,212,739,358,381,5,7,24,3,698,5,350,171,218,747,371,376,4,2,23,4,707,7,361,171,215
264,Staples-Motley School District,77,2170,1,7721701,1178,550,628,13,16,41,8,1057,43,539,260,379,1164,541,623,15,11,40,9,1042,47,510,270,384,1162,528,634,14,13,36,10,1048,41,506,273,383,1119,507,612,16,18,40,10,986,53,500,261,358,1104,485,619,17,12,43,7,974,51,478,270,356
265,Kittson Central School District,35,2171,1,3521711,311,144,167,1,0,15,0,280,15,152,58,101,268,127,141,0,0,14,0,243,11,134,53,81,254,115,139,0,0,8,0,235,11,121,47,86,243,116,127,0,14,12,0,222,9,118,48,77,230,108,122,0,0,15,0,207,8,108,59,63
266,Kenyon-Wanamingo School District,25,2172,1,2521721,834,386,448,0,2,57,14,739,22,379,192,263,800,368,432,0,2,67,7,702,22,354,184,262,835,388,447,0,1,69,11,731,23,379,183,273,798,366,432,0,2,60,9,705,22,357,180,261,770,340,430,1,0,51,5,692,21,336,190,244
267,Pine River-Backus School District,11,2174,1,1121741,923,455,468,14,9,9,19,869,3,453,199,271,929,450,479,10,9,10,19,874,7,453,200,276,958,480,478,5,8,13,13,911,8,448,206,281,956,489,467,8,9,13,13,901,14,449,200,277,944,468,476,9,5,11,10,895,14,423,215,270
268,Warren-Alvarado-Oslo School Dist.,45,2176,1,4521761,459,234,225,0,2,72,0,369,16,234,92,133,451,231,220,0,1,65,0,366,19,236,95,120,473,240,233,0,1,59,0,395,18,230,101,112,493,250,243,0,9,64,0,414,13,225,106,120,526,266,260,0,1,77,0,429,19,224,121,129
269,Maccray School District,12,2180,1,1221801,700,361,339,0,4,72,4,611,9,378,127,195,664,346,318,0,5,53,3,597,6,337,150,177,696,363,333,0,7,73,7,598,11,352,167,177,717,384,333,0,7,84,10,606,12,372,172,173,729,375,354,2,6,94,6,607,14,369,183,177
270,Luverne Public School District,67,2184,1,6721841,1213,566,647,7,17,65,9,1083,32,559,268,386,1220,565,655,9,20,67,17,1074,33,549,280,391,1277,592,685,11,20,78,19,1110,39,584,296,397,1265,593,672,7,23,81,19,1097,43,573,301,391,1270,609,661,7,15,81,10,1107,50,558,301,411
271,Yellow Medicine East,87,2190,1,8721901,814,397,417,126,15,102,5,555,11,383,168,263,779,370,409,118,16,88,7,537,13,377,173,229,744,353,391,120,12,80,6,516,10,342,182,220,728,345,383,103,30,84,9,509,11,336,176,216,696,338,358,99,10,85,9,482,11,325,170,201
272,Fillmore Central,23,2198,1,2321981,605,303,302,0,1,8,3,585,8,286,139,180,625,307,318,0,0,9,0,606,10,306,134,185,632,309,323,0,0,6,0,614,12,312,129,191,641,314,327,0,12,6,0,615,20,312,133,196,621,312,309,0,0,8,0,593,20,288,157,176
273,Norman County East School District,54,2215,1,5422151,289,136,153,15,2,9,9,234,20,121,69,99,294,132,162,17,0,12,6,228,31,126,75,93,290,131,159,17,0,15,2,222,34,118,71,89,292,133,159,14,0,18,1,219,40,124,63,88,258,113,145,5,0,17,1,208,27,99,57,88
274,Sibley East School District,72,2310,1,7223101,1257,589,668,1,14,326,13,877,26,565,289,403,1199,572,627,0,12,317,15,830,25,540,287,372,1181,569,612,0,12,335,13,791,30,518,293,370,1195,565,630,0,11,358,14,778,34,502,306,387,1150,540,610,0,9,364,13,732,32,496,294,360
275,Clearbrook-Gonvick School District,15,2311,1,1523111,422,216,206,66,5,2,6,324,19,196,112,114,431,219,212,60,4,5,6,337,19,196,103,132,445,226,219,66,4,4,6,335,30,195,128,122,450,221,229,68,16,4,5,331,37,205,116,129,464,217,247,62,4,9,5,353,31,196,115,153
276,West Central Area,26,2342,1,2623421,723,355,368,4,0,24,5,674,16,363,166,194,721,353,368,2,2,29,5,663,20,361,155,205,707,334,373,1,0,24,10,651,21,346,164,197,756,353,403,2,5,24,9,696,25,361,183,212,786,392,394,2,0,28,9,724,23,383,193,210
277,Tri-County School District,35,2358,1,3523581,194,103,91,0,1,4,5,184,0,87,41,66,191,103,88,0,1,4,2,184,0,80,44,67,202,114,88,0,1,4,1,196,0,89,36,63,198,103,95,1,1,3,1,192,0,95,31,61,200,108,92,0,3,3,1,193,0,97,29,60
278,Belgrade-Brooten-Elrosa School Dist,73,2364,1,7323641,647,305,342,1,0,44,4,594,4,294,158,195,636,304,332,1,1,46,2,583,3,284,150,202,641,311,330,2,1,59,2,573,4,289,151,201,658,318,340,2,2,65,2,584,4,299,160,199,655,309,346,1,1,63,1,583,6,283,167,205
279,G.F.W.,72,2365,1,7223651,764,373,391,1,6,148,5,595,9,327,170,267,756,366,390,1,4,153,6,577,15,331,174,251,737,369,368,1,4,146,6,560,20,334,155,248,709,347,362,1,6,133,6,549,15,315,149,245,704,360,344,1,3,123,4,559,14,321,148,235
280,A.C.G.C. Public School District,47,2396,1,4723961,768,350,418,0,5,49,6,700,8,345,179,244,798,374,424,6,4,57,4,717,10,356,186,256,813,383,430,9,4,66,1,721,12,374,187,252,832,390,442,7,9,66,2,740,13,378,203,251,817,391,426,5,1,63,3,731,14,370,190,257
281,Le Sueur-Henderson School District,40,2397,1,4023971,1058,530,528,0,7,186,23,811,31,489,247,322,1036,531,505,0,4,180,28,788,36,470,244,322,1031,518,513,0,3,175,29,783,41,445,258,328,1031,508,523,1,6,177,28,780,43,445,275,311,1026,512,514,0,2,179,25,776,44,421,272,333
282,Martin County West School District,46,2448,1,4624481,786,397,389,3,1,41,6,725,10,339,178,269,756,368,388,4,2,36,5,697,12,334,164,258,743,353,390,5,3,34,6,680,15,325,167,251,725,350,375,5,4,35,5,663,15,319,171,235,726,351,375,3,1,35,6,658,23,321,185,220
283,Bird Island-Olivia-Lake Lillian,65,2534,1,6525341,712,355,357,1,0,109,5,583,14,303,157,252,706,353,353,3,1,90,2,591,19,314,156,236,672,319,353,0,6,80,3,564,19,308,138,226,699,337,362,1,5,84,3,588,18,324,150,225,684,318,366,3,4,86,4,572,15,301,160,223
284,Granada Huntley East Chain,46,2536,1,4625361,189,98,91,0,0,2,0,186,1,88,38,63,222,113,109,0,1,2,0,217,2,105,52,65,245,123,122,0,0,3,0,239,3,118,60,67,278,133,145,0,7,8,0,261,7,133,69,76,309,150,159,0,2,8,0,292,7,157,68,84
285,Win-E-Mac School District,60,2609,1,6026091,387,195,192,11,1,2,2,371,0,161,91,135,439,219,220,15,0,9,5,410,0,202,106,131,423,206,217,13,2,9,7,392,0,202,98,123,481,226,255,12,3,9,5,453,0,230,87,135,487,228,259,12,1,12,3,459,0,231,99,130
286,Greenbush-Middle River School Dist.,68,2683,1,6826831,425,207,218,5,0,1,18,397,4,174,106,145,403,200,203,1,1,0,18,380,3,158,106,139,384,197,187,1,1,0,17,361,4,157,93,134,331,171,160,0,2,1,5,322,3,134,63,134,283,132,151,0,1,0,9,270,3,101,59,123
287,Howard Lake-Waverly-Winsted,86,2687,1,8626871,1105,551,554,4,5,41,10,1020,25,560,234,311,1137,570,567,2,5,41,9,1056,24,597,239,301,1159,575,584,8,7,41,15,1057,31,580,250,329,1230,610,620,12,3,44,14,1126,31,631,260,339,1252,616,636,9,3,48,15,1139,38,608,303,341
288,Pipestone Area School District,59,2689,1,5926891,1143,550,593,15,13,122,24,931,38,576,270,297,1142,545,597,12,15,136,34,906,39,567,250,325,1131,538,593,16,19,158,28,863,47,563,256,312,1142,526,616,13,14,168,22,878,50,549,277,316,1146,539,607,10,10,177,21,865,63,537,269,340
289,Mesabi East School District,69,2711,1,6927111,921,450,471,17,3,10,1,863,27,424,234,263,888,430,458,17,3,12,2,823,31,386,239,263,913,443,470,15,3,8,5,851,31,374,238,275,992,471,521,19,13,7,7,920,37,439,217,296,1000,488,512,14,2,7,9,915,53,414,241,305
290,Fairmont Area School District,46,2752,1,4627521,1716,869,847,1,19,181,19,1455,41,795,389,532,1720,884,836,1,16,186,17,1448,52,774,397,549,1717,872,845,6,23,214,20,1402,52,789,388,540,1767,906,861,7,20,226,20,1437,59,748,413,548,1727,883,844,10,17,235,21,1384,60,710,413,538
291,Long Prairie-Grey Eagle School Dist,77,2753,1,7727531,885,444,441,3,16,315,4,533,14,389,210,286,898,451,447,4,24,337,3,514,16,423,198,277,868,425,443,3,21,347,2,480,15,385,202,281,889,438,451,4,38,384,1,467,13,407,207,275,932,471,461,5,23,428,0,460,16,426,218,288
292,Cedar Mountain School District,64,2754,1,6427541,479,216,263,39,2,14,0,401,23,221,117,141,499,225,274,51,3,17,0,402,26,221,128,150,487,216,271,55,2,16,0,388,26,207,123,157,473,210,263,51,23,22,0,372,25,200,118,155,485,203,282,63,0,25,2,363,32,182,133,170
293,Morris Area Public Schools,75,2769,1,7527691,1025,488,537,12,8,90,14,875,26,475,226,324,1028,495,533,12,13,97,11,869,26,458,233,337,1054,513,541,16,10,96,10,883,39,495,250,309,1026,489,537,13,14,114,9,845,34,475,258,293,1045,493,552,19,12,128,14,835,37,480,259,306
294,Zumbrota-Mazeppa School District,79,2805,1,7928051,1147,553,594,6,19,38,21,1047,16,557,254,336,1170,568,602,7,19,34,24,1065,21,574,263,333,1208,584,624,7,20,37,18,1105,21,589,280,339,1224,582,642,7,26,35,17,1127,23,584,288,352,1204,577,627,6,11,37,9,1116,25,575,284,345
295,Janesville-Waldorf-Pemberton,81,2835,1,8128351,625,302,323,0,4,4,9,605,3,302,106,217,647,310,337,0,4,7,11,620,5,300,137,210,651,320,331,0,2,6,9,631,3,284,145,222,679,347,332,1,20,14,6,638,15,303,159,217,705,356,349,5,5,15,7,656,17,311,165,229
296,Lac Qui Parle Valley School Dist.,37,2853,1,3728531,791,384,407,0,30,63,9,648,41,388,176,227,774,382,392,0,49,52,4,627,42,391,170,213,751,371,380,1,56,52,6,603,33,373,168,210,820,400,420,4,86,63,6,636,30,394,167,222,804,384,420,1,101,59,5,607,31,381,187,208
297,Glencoe-Silver Lake School District,43,2859,1,4328591,1589,781,808,4,9,290,6,1249,31,714,363,512,1601,794,807,4,10,312,2,1238,35,721,371,509,1610,788,822,5,5,312,4,1246,38,710,403,497,1636,797,839,8,7,320,2,1271,29,728,394,514,1626,800,826,8,5,320,3,1253,37,708,388,530
298,Blue Earth Area Public School,22,2860,1,2228601,1204,570,634,4,3,163,10,1015,9,573,261,370,1169,564,605,4,3,164,17,971,10,544,270,355,1145,529,616,2,3,164,18,951,7,512,279,354,1122,526,596,2,9,177,19,912,9,489,277,339,1035,486,549,2,6,155,15,849,8,454,259,314
299,Red Rock Central School District,17,2884,1,1728841,388,176,212,0,2,13,1,359,13,166,93,129,398,180,218,0,1,14,1,370,12,160,100,138,434,206,228,0,1,19,3,400,11,161,91,142,438,208,230,0,3,17,3,409,9,160,96,134,458,212,246,0,1,19,3,424,11,182,90,139
300,Glenville-Emmons School District,24,2886,1,2428861,223,112,111,0,0,8,3,211,1,115,50,58,247,126,121,0,0,12,4,230,1,109,63,75,252,120,132,0,0,13,4,235,0,116,73,63,239,116,123,0,0,14,4,220,1,101,62,76,242,120,122,0,0,13,2,225,2,110,55,77
301,Lake Park Audubon School District,3,2889,1,328891,685,317,368,18,4,16,1,613,33,334,150,201,686,310,376,21,6,18,1,610,30,345,147,194,693,322,371,16,4,15,1,623,34,329,165,199,703,332,371,13,5,14,1,634,36,333,169,201,716,342,374,24,6,13,1,632,40,323,182,211
302,Renville County West School Dist.,65,2890,1,6528901,516,255,261,0,1,165,1,346,3,245,120,151,526,252,274,0,1,176,0,346,3,238,123,165,549,272,277,0,1,184,0,358,6,243,129,152,563,277,286,0,5,197,0,359,7,256,132,146,588,304,284,0,5,199,2,374,8,264,126,162
303,Jackson County Central School Dist.,32,2895,1,3228951,1214,581,633,2,36,46,21,1076,33,565,277,372,1173,566,607,1,33,47,18,1039,35,548,270,355,1171,569,602,1,30,53,18,1028,41,538,260,373,1127,538,589,0,25,48,21,992,41,508,264,355,1180,556,624,0,26,59,23,1023,49,516,265,359
304,Redwood Area School District,64,2897,1,6428971,1115,527,588,235,5,68,12,726,69,521,259,335,1117,517,600,227,6,70,9,732,73,520,249,348,1129,527,602,224,9,72,10,726,88,541,241,347,1146,549,597,205,35,69,11,737,114,551,241,354,1137,533,604,289,9,64,11,728,36,553,250,334
305,Westbrook-Walnut Grove Schools,17,2898,1,1728981,402,197,205,1,102,9,2,283,5,166,92,144,390,183,207,1,94,13,2,277,3,179,82,129,400,186,214,0,104,5,4,287,0,181,83,125,369,170,199,1,100,5,3,266,4,193,63,109,364,177,187,0,89,7,3,264,1,201,66,93
306,Plainview-Elgin-Millville,79,2899,1,7928991,1469,722,747,1,2,119,7,1325,15,681,349,439,1481,724,757,3,1,124,9,1328,16,690,334,457,1491,729,762,3,3,133,3,1327,22,690,356,445,1478,724,754,5,95,129,5,1314,20,689,342,447,1512,739,773,4,6,144,7,1330,21,711,352,449
307,Rtr Public Schools,41,2902,1,4129021,587,286,301,0,8,20,2,545,12,301,116,170,585,276,309,3,8,18,5,541,10,297,133,155,570,280,290,2,3,20,7,531,7,291,129,150,584,291,293,0,8,18,8,549,6,273,144,167,589,282,307,0,1,18,4,553,13,266,148,175
308,Ortonville Public Schools,6,2903,1,629031,487,236,251,2,2,15,1,457,10,210,100,177,489,235,254,5,3,16,1,453,11,214,92,183,509,239,270,4,3,23,1,463,15,239,87,183,498,228,270,2,4,26,1,455,13,241,96,161,523,247,276,2,2,28,2,473,16,241,115,167
309,Tracy Area Public School District,42,2904,1,4229041,774,388,386,1,124,37,4,600,8,339,187,248,771,383,388,1,116,32,4,611,7,334,185,252,769,385,384,2,113,28,2,617,7,328,184,257,739,359,380,1,111,32,5,585,6,317,184,232,732,356,376,2,108,39,9,567,7,298,170,256
310,Tri-City United School District,40,2905,1,4029051,1924,921,1003,6,7,296,13,1562,40,983,422,519,1945,909,1036,5,4,311,10,1569,46,969,426,550,1946,893,1053,6,4,308,21,1553,54,984,415,547,1925,873,1052,6,119,328,11,1515,56,933,437,555,1899,867,1032,7,5,344,8,1485,50,918,424,557
311,Red Lake County Central Public Sch,63,2906,1,6329061,381,181,200,18,2,9,6,337,9,194,84,103,375,181,194,15,1,12,6,329,12,179,85,111,399,189,210,16,2,14,4,353,10,178,90,106,401,200,201,13,9,17,4,356,11,168,89,104,400,190,210,8,0,19,3,359,11,179,82,111
312,Brandon-Evansville Public Schools,21,2908,1,2129081,439,205,234,0,1,7,2,420,9,236,88,115,467,218,249,0,0,9,2,441,15,255,95,117,470,224,246,0,1,8,2,443,16,255,102,113,465,221,244,0,3,8,1,441,14,245,108,112,485,232,253,0,0,8,1,464,12,251,116,118
313,Minneapolis Public School District,27,1,3,2713,36404,17672,18732,1362,2388,6813,13175,12073,593,19484,7161,9759,36645,17883,18762,1285,2234,6579,13332,12412,803,19332,7198,10115,36538,17745,18793,1227,2053,6550,13273,12438,997,18507,7381,10483,36357,17672,18685,1151,1931,6485,13160,12449,1187,18066,7559,10498,35580,17310,18270,1070,1826,6182,12560,12578,1364,17365,7433,10468
314,South St. Paul Public School Dist,19,6,3,1963,3506,1647,1859,23,54,869,200,2109,251,1747,761,998,3536,1690,1846,23,69,884,231,2084,245,1736,784,1016,3589,1722,1867,26,79,895,261,2091,237,1673,803,1035,3554,1702,1852,23,72,920,264,2028,248,1593,796,1029,3548,1714,1834,27,76,962,273,1930,280,1553,786,1022
488,Campbell-Tintah Public School Dist.,84,852,1,848521,149,80,69,0,0,16,0,131,2,72,35,42,147,73,74,0,0,12,1,128,6,61,41,45,146,70,76,1,0,8,1,128,8,63,33,41,162,75,87,0,0,14,1,139,8,70,30,46,144,68,76,0,0,10,1,125,8,63,27,46
489,Norman County West School District,54,2527,1,5425271,297,138,159,7,0,40,6,243,1,125,82,90,253,117,136,3,0,39,7,203,1,112,71,70,271,126,145,2,0,45,5,218,1,129,61,81,213,100,113,1,2,45,4,159,4,100,43,60,83,42,41,0,0,18,0,63,2,74,0,0
490,East Central School District,58,2580,1,5825801,739,359,380,64,7,26,18,622,2,347,159,233,726,361,365,61,7,21,19,614,4,344,155,227,724,368,356,56,3,17,14,625,9,337,154,233,745,370,375,47,3,18,18,647,14,307,162,239,770,368,402,54,0,19,13,657,27,325,184,224
491,Lake Benton Public School District,41,404,1,414041,130,59,71,0,1,8,0,115,6,114,15,1,133,65,68,0,0,6,0,120,7,124,9,0,136,65,71,0,0,6,0,123,7,119,17,0,140,65,75,0,0,5,0,131,4,123,17,0,144,67,77,0,0,6,0,136,2,124,20,0
492,Ellsworth Public School District,53,514,1,535141,145,69,76,0,0,1,1,142,1,59,37,49,147,72,75,0,0,1,3,143,0,64,39,44,149,79,70,0,0,3,2,143,1,71,30,48,139,76,63,0,15,3,2,134,0,65,31,43,142,73,69,0,0,3,2,137,0,63,36,43
493,Nett Lake Public School District,69,707,1,697071,96,46,50,84,0,0,0,3,9,84,12,0,73,31,42,64,0,0,0,2,7,54,19,0,58,23,35,50,0,1,0,2,5,53,5,0,57,25,32,50,7,1,0,2,4,47,10,0,57,25,32,57,0,0,0,0,0,49,8,0
494,Campbell-Tintah Public School Dist.,84,852,1,848521,149,80,69,0,0,16,0,131,2,72,35,42,147,73,74,0,0,12,1,128,6,61,41,45,146,70,76,1,0,8,1,128,8,63,33,41,162,75,87,0,0,14,1,139,8,70,30,46,144,68,76,0,0,10,1,125,8,63,27,46
495,East Central School District,58,2580,1,5825801,739,359,380,64,7,26,18,622,2,347,159,233,726,361,365,61,7,21,19,614,4,344,155,227,724,368,356,56,3,17,14,625,9,337,154,233,745,370,375,47,3,18,18,647,14,307,162,239,770,368,402,54,0,19,13,657,27,325,184,224
496,Clinton-Graceville-Beardsley,6,2888,1,628881,337,182,155,2,3,3,2,324,3,160,75,102,331,180,151,1,0,2,2,322,4,153,75,103,352,189,163,1,0,4,1,339,7,155,82,105,341,182,159,1,0,5,1,326,8,150,73,107,322,174,148,2,0,5,3,310,2,136,77,95
497,Pine Point Public School District,3,25,1,3251,67,42,25,66,0,0,0,1,0,50,17,0,60,41,19,59,0,0,0,1,0,49,11,0,56,38,18,56,0,0,0,0,0,46,10,0,64,37,27,64,1,0,0,0,0,53,11,0,59,35,24,59,0,0,0,0,0,52,7,0
498,Hendricks Public School District,41,402,1,414021,87,47,40,0,0,3,0,83,1,50,17,20,89,45,44,0,0,8,0,80,1,49,18,22,104,54,50,0,0,7,0,97,0,55,18,22,132,70,62,0,0,6,0,126,0,63,22,39,138,68,70,0,0,11,0,123,4,62,26,44
499,Ivanhoe Public School District,41,403,1,414031,88,34,54,0,0,2,0,86,0,77,11,0,79,34,45,0,0,0,0,79,0,70,9,0,80,30,50,0,0,0,0,80,0,73,7,0,91,37,54,0,0,7,0,84,0,82,9,0,91,38,53,0,0,4,0,87,0,77,14,0
500,Milroy Public School District,64,635,1,646351,26,15,11,0,1,1,0,24,0,6,20,0,23,14,9,0,1,1,0,21,0,9,14,0,25,18,7,0,1,0,0,24,0,4,21,0,30,17,13,1,0,1,0,28,0,13,17,0,37,20,17,0,0,0,0,37,0,32,5,0
501,Eagle Valley Public School District,77,2759,1,7727591,266,119,147,0,0,14,2,242,8,141,61,64,222,101,121,0,0,21,1,190,10,132,47,43,139,69,70,0,0,14,1,118,6,126,13,0,,,,,,,,,,,,,,,,,,,,,,,,
502,Ada-Borup Public School District,54,2854,1,5428541,482,234,248,9,3,40,4,411,15,229,109,144,515,258,257,9,2,50,3,423,28,242,115,158,555,279,276,11,2,49,3,451,39,245,105,172,603,295,308,8,82,57,1,494,42,256,130,174,,,,,,,,,,,,
503,Round Lake-Brewster Public Schools,53,2907,1,5329071,188,101,87,1,0,101,0,75,11,142,46,0,194,98,96,1,0,114,2,66,11,139,55,0,257,136,121,0,1,158,7,79,12,144,56,0,298,153,145,0,2,194,8,84,10,180,60,0,,,,,,,,,,,,
504,United South Central School Dist.,22,2134,1,2221341,681,325,356,0,2,101,2,558,18,302,153,226,684,334,350,0,1,105,2,557,19,301,165,218,716,351,365,0,2,108,7,577,22,308,168,199,707,349,358,0,7,105,6,565,27,317,154,193,,,,,,,,,,,,