id,district_id,school_year,grade_k-5,grade_6-8,grade_9-12
1,1,18-19,12,19,37
2,313,18-19,1540,2877,2071
3,2,18-19,,,
4,3,18-19,,,
5,314,18-19,81,200,150
6,4,18-19,565,798,1116
7,5,18-19,31,85,232
8,6,18-19,179,94,27
9,7,18-19,46,222,69
10,8,18-19,9,52,73
11,9,18-19,149,259,176
12,10,18-19,2,25,43
13,11,18-19,1,25,31
14,12,18-19,183,227,135
15,13,18-19,7,24,80
16,15,18-19,58,190,49
17,16,18-19,81,102,121
18,17,18-19,15,32,69
19,18,18-19,,,
20,19,18-19,66,251,138
21,20,18-19,,,
22,21,18-19,,,
23,22,18-19,,,
24,23,18-19,32,17,20
25,24,18-19,4,3,13
26,25,18-19,,,
27,26,18-19,25,46,17
28,27,18-19,,,
29,28,18-19,9,4,11
30,29,18-19,,,
31,30,18-19,,,
32,31,18-19,,,
33,32,18-19,0,27,71
34,33,18-19,2,11,27
35,34,18-19,17,91,86
36,35,18-19,8,31,17
37,36,18-19,79,154,78
38,37,18-19,9,32,35
39,38,18-19,5,16,14
40,39,18-19,3,17,7
41,40,18-19,8,15,55
42,41,18-19,,,
43,42,18-19,,,
44,43,18-19,,,
45,44,18-19,59,165,119
46,45,18-19,13,110,67
47,46,18-19,4,14,20
48,47,18-19,,,
49,48,18-19,,,
50,49,18-19,15,43,16
51,50,18-19,,,
52,51,18-19,5,12,46
53,52,18-19,43,337,397
54,53,18-19,39,98,71
55,54,18-19,22,72,155
56,55,18-19,0,7,14
57,56,18-19,130,315,368
58,57,18-19,48,163,63
59,58,18-19,59,138,112
60,59,18-19,35,137,110
61,60,18-19,,,
62,61,18-19,3,15,14
63,62,18-19,9,63,50
64,63,18-19,,,
65,64,18-19,,,
66,66,18-19,,,
67,67,18-19,,,
68,68,18-19,31,36,87
69,69,18-19,,,
70,70,18-19,0,6,19
71,71,18-19,,,
72,72,18-19,1,42,9
73,73,18-19,45,68,100
74,74,18-19,,,
75,75,18-19,22,100,109
76,76,18-19,31,97,164
77,77,18-19,34,48,139
78,78,18-19,14,83,105
79,79,18-19,54,40,165
80,80,18-19,11,47,25
81,81,18-19,,,
82,82,18-19,211,552,497
83,83,18-19,32,211,100
84,84,18-19,128,528,270
85,85,18-19,,,
86,86,18-19,12,83,185
87,87,18-19,9,52,85
88,88,18-19,89,161,100
89,89,18-19,,,
90,90,18-19,,,
91,91,18-19,,,
92,92,18-19,8,19,24
93,93,18-19,6,18,18
94,94,18-19,13,23,37
95,95,18-19,17,63,43
96,96,18-19,6,13,22
97,97,18-19,5,47,57
98,98,18-19,29,45,27
99,99,18-19,62,104,182
100,100,18-19,13,53,48
101,101,18-19,4,15,10
102,102,18-19,13,13,25
103,103,18-19,,,
104,104,18-19,3,11,10
105,105,18-19,31,85,53
106,106,18-19,,,
107,107,18-19,9,3,18
108,108,18-19,,,
109,109,18-19,,,
110,110,18-19,,,
111,111,18-19,21,5,23
112,112,18-19,,,
113,113,18-19,,,
114,114,18-19,10,13,34
115,115,18-19,17,1,12
116,116,18-19,,,
117,117,18-19,1,61,96
118,119,18-19,9,50,49
119,120,18-19,6,42,25
120,123,18-19,,,
121,124,18-19,,,
122,125,18-19,4,13,20
123,126,18-19,0,26,25
124,127,18-19,,,
125,128,18-19,2,11,39
126,129,18-19,47,67,55
127,130,18-19,26,127,76
128,131,18-19,0,22,47
129,132,18-19,0,12,12
130,134,18-19,,,
131,135,18-19,41,139,162
132,136,18-19,,,
133,137,18-19,,,
134,138,18-19,,,
135,139,18-19,,,
136,140,18-19,,,
137,141,18-19,,,
138,142,18-19,9,65,28
139,143,18-19,,,
140,144,18-19,19,25,31
141,145,18-19,,,
142,146,18-19,,,
143,147,18-19,5,25,17
144,148,18-19,247,502,333
145,149,18-19,,,
146,150,18-19,8,42,76
147,152,18-19,,,
148,153,18-19,,,
149,154,18-19,2,10,19
150,155,18-19,,,
151,156,18-19,,,
152,157,18-19,,,
153,158,18-19,7,9,12
154,159,18-19,,,
155,160,18-19,8,4,13
156,161,18-19,,,
157,162,18-19,,,
158,163,18-19,4,32,27
159,164,18-19,,,
160,165,18-19,,,
161,166,18-19,4,24,9
162,167,18-19,,,
163,168,18-19,24,1,11
164,169,18-19,75,259,163
165,170,18-19,108,34,105
166,171,18-19,106,153,359
167,172,18-19,1363,2328,1419
168,173,18-19,,,
169,174,18-19,,,
170,175,18-19,38,232,125
171,176,18-19,13,76,21
172,177,18-19,,,
173,178,18-19,,,
174,179,18-19,,,
175,180,18-19,22,32,11
176,181,18-19,18,29,10
177,182,18-19,,,
178,183,18-19,0,15,18
179,184,18-19,18,17,11
180,185,18-19,37,54,38
181,186,18-19,4,36,32
182,187,18-19,2,4,21
183,188,18-19,146,248,255
184,189,18-19,6,5,10
185,190,18-19,5,23,23
186,191,18-19,5,18,33
187,192,18-19,15,55,235
188,193,18-19,31,122,219
189,194,18-19,11,7,58
190,195,18-19,7,15,19
191,196,18-19,11,86,73
192,197,18-19,39,158,270
193,198,18-19,,,
194,199,18-19,,,
195,200,18-19,5,1,14
196,201,18-19,,,
197,202,18-19,113,245,264
198,203,18-19,,,
199,204,18-19,,,
200,205,18-19,9,37,65
201,206,18-19,14,16,23
202,207,18-19,,,
203,208,18-19,39,84,142
204,209,18-19,1,10,23
205,210,18-19,,,
206,211,18-19,,,
207,212,18-19,,,
208,213,18-19,,,
209,215,18-19,0,4,19
210,216,18-19,,,
211,217,18-19,,,
212,218,18-19,,,
213,219,18-19,,,
214,220,18-19,,,
215,221,18-19,,,
216,222,18-19,0,8,34
217,223,18-19,13,39,51
218,224,18-19,30,123,224
219,225,18-19,7,16,18
220,226,18-19,71,360,221
221,227,18-19,21,32,124
222,228,18-19,,,
223,229,18-19,,,
224,230,18-19,,,
225,231,18-19,,,
226,232,18-19,,,
227,233,18-19,,,
228,234,18-19,,,
229,235,18-19,89,58,79
230,236,18-19,20,30,75
231,237,18-19,25,73,159
232,238,18-19,4,30,25
233,239,18-19,,,
234,240,18-19,2,57,119
235,241,18-19,11,19,58
236,242,18-19,24,89,118
237,243,18-19,,,
238,244,18-19,53,134,176
239,245,18-19,15,19,47
240,246,18-19,,,
241,247,18-19,1,13,15
242,248,18-19,4,20,13
243,249,18-19,2,19,15
244,250,18-19,1,1,19
245,251,18-19,,,
246,252,18-19,35,65,90
247,253,18-19,4,10,14
248,254,18-19,10,20,28
249,256,18-19,1,17,9
250,257,18-19,2,3,17
251,258,18-19,,,
252,259,18-19,,,
253,260,18-19,,,
254,261,18-19,,,
255,262,18-19,,,
256,263,18-19,1,15,9
257,264,18-19,18,13,10
258,266,18-19,,,
259,267,18-19,12,26,20
260,268,18-19,,,
261,269,18-19,,,
262,270,18-19,4,10,19
263,271,18-19,2,19,20
264,272,18-19,,,
265,273,18-19,,,
266,275,18-19,,,
267,276,18-19,,,
268,277,18-19,,,
269,278,18-19,,,
270,279,18-19,6,15,8
271,280,18-19,,,
272,281,18-19,17,6,18
273,282,18-19,9,17,6
274,283,18-19,3,16,7
275,284,18-19,6,11,14
276,285,18-19,,,
277,286,18-19,,,
278,287,18-19,2,4,22
279,288,18-19,,,
280,289,18-19,1,20,26
281,290,18-19,17,9,23
282,291,18-19,3,24,34
283,292,18-19,,,
284,293,18-19,1,9,15
285,294,18-19,,,
286,295,18-19,,,
287,297,18-19,28,31,15
288,298,18-19,0,3,27
289,299,18-19,,,
290,300,18-19,,,
291,301,18-19,,,
292,302,18-19,,,
293,303,18-19,1,17,22
294,304,18-19,6,17,25
295,305,18-19,,,
296,306,18-19,7,24,4
297,307,18-19,,,
298,308,18-19,,,
299,309,18-19,2,3,16
300,310,18-19,15,9,13
301,311,18-19,,,
302,312,18-19,,,
303,1,17-18,12,17,6
304,313,17-18,1624,3691,2034
305,2,17-18,,,
306,3,17-18,,,
307,314,17-18,138,255,115
308,4,17-18,371,657,891
309,5,17-18,43,103,175
310,6,17-18,160,99,58
311,7,17-18,131,285,143
312,8,17-18,15,91,151
313,9,17-18,65,261,139
314,10,17-18,1,27,26
315,11,17-18,0,19,51
316,12,17-18,141,243,352
317,13,17-18,0,12,28
318,14,17-18,,,
319,15,17-18,171,212,147
320,16,17-18,49,100,127
321,17,17-18,2,11,81
322,19,17-18,76,184,124
323,20,17-18,,,
324,21,17-18,,,
325,22,17-18,,,
326,23,17-18,29,11,19
327,24,17-18,,,
328,25,17-18,4,5,12
329,26,17-18,34,87,53
330,27,17-18,6,4,11
331,28,17-18,5,12,7
332,29,17-18,,,
333,30,17-18,,,
334,31,17-18,,,
335,32,17-18,0,23,45
336,33,17-18,4,11,15
337,34,17-18,23,47,114
338,35,17-18,22,8,12
339,36,17-18,101,164,92
340,37,17-18,5,20,33
341,38,17-18,14,29,43
342,39,17-18,,,
343,40,17-18,18,9,52
344,41,17-18,,,
345,42,17-18,,,
346,43,17-18,,,
347,44,17-18,41,107,86
348,45,17-18,11,54,57
349,46,17-18,7,10,8
350,47,17-18,,,
351,48,17-18,,,
352,49,17-18,5,21,12
353,50,17-18,2,7,12
354,51,17-18,5,30,12
355,52,17-18,122,449,268
356,53,17-18,26,67,84
357,54,17-18,13,57,104
358,55,17-18,,,
359,56,17-18,97,294,314
360,57,17-18,89,97,73
361,58,17-18,58,187,86
362,59,17-18,19,79,91
363,60,17-18,2,6,15
364,61,17-18,13,7,29
365,62,17-18,24,54,29
366,63,17-18,,,
367,64,17-18,0,16,16
368,66,17-18,,,
369,68,17-18,50,63,106
370,69,17-18,,,
371,70,17-18,3,13,10
372,71,17-18,,,
373,72,17-18,5,35,5
374,73,17-18,2,81,92
375,74,17-18,,,
376,75,17-18,14,79,89
377,76,17-18,50,112,215
378,77,17-18,27,73,206
379,78,17-18,13,59,110
380,79,17-18,22,47,178
381,80,17-18,9,30,20
382,81,17-18,0,1,30
383,82,17-18,441,479,451
384,83,17-18,89,231,163
385,84,17-18,281,635,261
386,85,17-18,1,4,15
387,86,17-18,24,86,125
388,87,17-18,35,43,110
389,88,17-18,96,104,42
390,89,17-18,,,
391,91,17-18,,,
392,92,17-18,,,
393,93,17-18,,,
394,94,17-18,4,33,16
395,95,17-18,15,63,49
396,96,17-18,6,8,16
397,97,17-18,20,37,41
398,98,17-18,49,47,20
399,99,17-18,86,105,204
400,100,17-18,24,18,15
401,101,17-18,6,6,11
402,102,17-18,4,22,25
403,103,17-18,,,
404,104,17-18,0,8,13
405,105,17-18,78,149,97
406,106,17-18,,,
407,107,17-18,2,7,12
408,108,17-18,,,
409,109,17-18,,,
410,110,17-18,10,4,7
411,111,17-18,12,7,22
412,112,17-18,,,
413,113,17-18,,,
414,491,17-18,,,
415,114,17-18,3,3,46
416,115,17-18,10,9,7
417,117,17-18,0,26,58
418,119,17-18,11,48,31
419,120,17-18,4,44,17
420,121,17-18,,,
421,122,17-18,,,
422,123,17-18,2,11,8
423,124,17-18,,,
424,125,17-18,5,15,19
425,126,17-18,3,22,42
426,127,17-18,,,
427,128,17-18,16,12,28
428,129,17-18,40,87,31
429,130,17-18,18,56,62
430,131,17-18,0,8,18
431,132,17-18,1,21,25
432,133,17-18,,,
433,135,17-18,97,255,113
434,136,17-18,,,
435,137,17-18,,,
436,138,17-18,,,
437,139,17-18,,,
438,140,17-18,,,
439,141,17-18,,,
440,142,17-18,9,44,25
441,143,17-18,,,
442,492,17-18,,,
443,144,17-18,16,65,48
444,145,17-18,3,0,20
445,146,17-18,,,
446,147,17-18,5,17,4
447,148,17-18,223,397,221
448,149,17-18,,,
449,150,17-18,1,15,51
450,152,17-18,,,
451,153,17-18,,,
452,154,17-18,,,
453,155,17-18,,,
454,156,17-18,,,
455,157,17-18,,,
456,158,17-18,19,24,5
457,159,17-18,,,
458,160,17-18,5,30,17
459,161,17-18,,,
460,162,17-18,5,11,9
461,163,17-18,0,107,93
462,164,17-18,,,
463,165,17-18,,,
464,166,17-18,10,11,4
465,167,17-18,,,
466,168,17-18,32,1,43
467,169,17-18,147,397,209
468,170,17-18,54,36,103
469,171,17-18,107,136,252
470,172,17-18,1543,2527,1289
471,173,17-18,,,
472,174,17-18,,,
473,175,17-18,69,306,123
474,176,17-18,27,36,27
475,177,17-18,,,
476,178,17-18,,,
477,179,17-18,,,
478,180,17-18,5,26,11
479,181,17-18,13,19,54
480,182,17-18,,,
481,183,17-18,,,
482,184,17-18,26,17,18
483,185,17-18,29,40,17
484,186,17-18,0,36,36
485,187,17-18,,,
486,188,17-18,197,417,193
487,189,17-18,,,
488,190,17-18,6,27,17
489,191,17-18,18,14,20
490,192,17-18,31,43,175
491,193,17-18,13,89,145
492,194,17-18,6,17,63
493,195,17-18,6,5,38
494,196,17-18,28,58,66
495,197,17-18,51,186,214
496,198,17-18,,,
497,199,17-18,,,
498,200,17-18,8,3,20
499,201,17-18,,,
500,202,17-18,290,385,299
501,203,17-18,,,
502,204,17-18,,,
503,205,17-18,2,13,65
504,206,17-18,13,16,15
505,207,17-18,,,
506,208,17-18,92,97,120
507,209,17-18,0,12,24
508,210,17-18,,,
509,211,17-18,,,
510,212,17-18,,,
511,213,17-18,9,3,10
512,214,17-18,,,
513,215,17-18,,,
514,216,17-18,20,11,0
515,218,17-18,,,
516,219,17-18,,,
517,220,17-18,1,0,19
518,221,17-18,,,
519,222,17-18,5,3,15
520,223,17-18,11,19,30
521,224,17-18,22,127,224
522,225,17-18,15,15,32
523,226,17-18,101,367,302
524,227,17-18,31,93,164
525,228,17-18,,,
526,229,17-18,,,
527,230,17-18,3,7,13
528,231,17-18,4,11,25
529,232,17-18,17,2,3
530,488,17-18,,,
531,233,17-18,,,
532,234,17-18,,,
533,235,17-18,69,67,102
534,236,17-18,15,19,26
535,237,17-18,27,99,108
536,238,17-18,7,18,48
537,239,17-18,,,
538,240,17-18,14,50,59
539,241,17-18,11,7,40
540,242,17-18,25,59,85
541,243,17-18,,,
542,244,17-18,22,68,117
543,245,17-18,9,23,43
544,246,17-18,,,
545,247,17-18,,,
546,248,17-18,7,26,9
547,249,17-18,3,8,11
548,250,17-18,0,8,15
549,251,17-18,,,
550,252,17-18,27,43,117
551,253,17-18,1,8,14
552,254,17-18,1,25,29
553,255,17-18,,,
554,256,17-18,9,23,18
555,257,17-18,8,9,10
556,258,17-18,,,
557,259,17-18,,,
558,260,17-18,11,13,7
559,261,17-18,,,
560,262,17-18,2,8,10
561,263,17-18,2,13,6
562,264,17-18,18,6,15
563,266,17-18,,,
564,267,17-18,22,13,30
565,269,17-18,,,
566,270,17-18,4,10,8
567,271,17-18,15,19,12
568,272,17-18,,,
569,273,17-18,,,
570,274,17-18,,,
571,275,17-18,,,
572,276,17-18,14,0,8
573,277,17-18,,,
574,278,17-18,,,
575,279,17-18,4,4,13
576,280,17-18,,,
577,281,17-18,23,21,5
578,282,17-18,5,7,24
579,489,17-18,,,
580,283,17-18,,,
581,284,17-18,,,
582,285,17-18,,,
583,286,17-18,,,
584,287,17-18,19,12,20
585,288,17-18,0,15,9
586,289,17-18,3,14,22
587,290,17-18,13,2,16
588,291,17-18,2,15,8
589,292,17-18,,,
590,293,17-18,,,
591,294,17-18,,,
592,295,17-18,,,
593,297,17-18,13,45,26
594,298,17-18,9,19,19
595,299,17-18,,,
596,301,17-18,,,
597,302,17-18,,,
598,303,17-18,0,13,16
599,304,17-18,4,15,10
600,306,17-18,0,0,20
601,307,17-18,,,
602,308,17-18,,,
603,309,17-18,,,
604,310,17-18,14,9,21
605,311,17-18,,,
606,312,17-18,,,
607,1,16-17,10,9,9
608,313,16-17,650,1395,1223
609,2,16-17,,,
610,3,16-17,,,
611,314,16-17,104,271,118
612,4,16-17,459,591,965
613,5,16-17,36,126,132
614,6,16-17,313,246,164
615,7,16-17,109,491,69
616,8,16-17,39,228,245
617,9,16-17,45,206,143
618,10,16-17,9,11,34
619,11,16-17,0,10,21
620,12,16-17,136,227,378
621,13,16-17,0,12,31
622,14,16-17,,,
623,15,16-17,142,411,143
624,16,16-17,69,85,115
625,17,16-17,1,1,54
626,19,16-17,68,181,188
627,20,16-17,,,
628,21,16-17,,,
629,22,16-17,,,
630,23,16-17,,,
631,24,16-17,2,7,11
632,25,16-17,10,8,5
633,26,16-17,39,122,54
634,27,16-17,,,
635,28,16-17,10,11,6
636,29,16-17,,,
637,30,16-17,,,
638,31,16-17,,,
639,32,16-17,2,9,16
640,33,16-17,0,9,21
641,34,16-17,22,39,80
642,35,16-17,7,19,5
643,36,16-17,103,160,114
644,37,16-17,11,5,15
645,38,16-17,9,20,27
646,39,16-17,,,
647,40,16-17,17,19,80
648,41,16-17,,,
649,42,16-17,,,
650,43,16-17,,,
651,44,16-17,62,146,69
652,45,16-17,18,19,16
653,46,16-17,,,
654,47,16-17,,,
655,48,16-17,,,
656,49,16-17,4,83,12
657,50,16-17,14,5,22
658,51,16-17,2,9,21
659,52,16-17,100,405,179
660,53,16-17,18,56,32
661,54,16-17,9,52,111
662,55,16-17,,,
663,56,16-17,134,402,481
664,57,16-17,83,130,44
665,58,16-17,81,167,172
666,59,16-17,19,59,51
667,60,16-17,,,
668,61,16-17,6,15,19
669,62,16-17,29,38,46
670,63,16-17,,,
671,64,16-17,0,9,14
672,65,16-17,,,
673,66,16-17,,,
674,67,16-17,,,
675,68,16-17,43,95,90
676,69,16-17,,,
677,70,16-17,7,15,7
678,71,16-17,,,
679,72,16-17,6,12,5
680,73,16-17,5,11,24
681,74,16-17,,,
682,75,16-17,30,63,146
683,76,16-17,69,189,207
684,77,16-17,31,91,119
685,78,16-17,7,42,102
686,79,16-17,18,81,136
687,80,16-17,1,10,16
688,81,16-17,0,7,33
689,82,16-17,201,505,450
690,83,16-17,96,132,169
691,84,16-17,362,725,323
692,85,16-17,9,4,15
693,86,16-17,78,73,121
694,87,16-17,18,51,160
695,88,16-17,129,194,43
696,89,16-17,,,
697,91,16-17,,,
698,92,16-17,2,7,17
699,93,16-17,,,
700,94,16-17,3,9,38
701,95,16-17,3,19,56
702,96,16-17,,,
703,97,16-17,8,32,39
704,98,16-17,34,26,10
705,99,16-17,44,90,144
706,100,16-17,33,30,24
707,101,16-17,,,
708,102,16-17,8,9,32
709,103,16-17,,,
710,104,16-17,,,
711,105,16-17,52,101,98
712,107,16-17,7,13,18
713,108,16-17,,,
714,109,16-17,,,
715,110,16-17,,,
716,111,16-17,4,6,13
717,112,16-17,,,
718,113,16-17,,,
719,114,16-17,8,0,53
720,115,16-17,,,
721,117,16-17,3,4,68
722,119,16-17,10,29,27
723,120,16-17,6,33,11
724,121,16-17,,,
725,122,16-17,,,
726,123,16-17,6,4,18
727,124,16-17,,,
728,125,16-17,9,5,16
729,126,16-17,3,24,26
730,127,16-17,5,9,13
731,128,16-17,6,12,24
732,129,16-17,50,82,78
733,130,16-17,36,69,66
734,131,16-17,,,
735,132,16-17,0,6,21
736,133,16-17,,,
737,134,16-17,,,
738,135,16-17,85,99,157
739,136,16-17,,,
740,137,16-17,,,
741,138,16-17,,,
742,139,16-17,,,
743,140,16-17,,,
744,141,16-17,,,
745,142,16-17,2,34,18
746,143,16-17,,,
747,492,16-17,,,
748,144,16-17,20,75,38
749,145,16-17,10,6,17
750,146,16-17,,,
751,147,16-17,19,11,18
752,148,16-17,420,423,330
753,149,16-17,,,
754,150,16-17,24,35,46
755,151,16-17,,,
756,152,16-17,,,
757,153,16-17,,,
758,154,16-17,,,
759,155,16-17,,,
760,156,16-17,,,
761,157,16-17,,,
762,158,16-17,12,11,14
763,159,16-17,,,
764,160,16-17,2,16,17
765,161,16-17,,,
766,162,16-17,,,
767,163,16-17,5,86,42
768,164,16-17,,,
769,165,16-17,,,
770,166,16-17,,,
771,167,16-17,,,
772,168,16-17,72,9,31
773,169,16-17,166,462,287
774,170,16-17,45,102,144
775,171,16-17,106,122,284
776,172,16-17,1583,2235,1554
777,173,16-17,,,
778,175,16-17,53,130,95
779,176,16-17,26,35,51
780,177,16-17,,,
781,178,16-17,,,
782,179,16-17,,,
783,180,16-17,6,16,5
784,181,16-17,8,39,50
785,182,16-17,,,
786,183,16-17,,,
787,184,16-17,,,
788,185,16-17,3,28,35
789,186,16-17,17,26,29
790,187,16-17,,,
791,493,16-17,,,
792,188,16-17,229,383,164
793,189,16-17,,,
794,190,16-17,3,20,26
795,191,16-17,5,6,33
796,192,16-17,17,35,135
797,193,16-17,26,144,143
798,194,16-17,5,6,46
799,195,16-17,1,16,44
800,196,16-17,14,32,74
801,197,16-17,57,140,210
802,198,16-17,7,9,11
803,199,16-17,,,
804,200,16-17,,,
805,201,16-17,,,
806,202,16-17,198,166,319
807,203,16-17,,,
808,204,16-17,,,
809,205,16-17,3,12,33
810,206,16-17,,,
811,207,16-17,,,
812,208,16-17,72,103,101
813,209,16-17,0,30,54
814,210,16-17,,,
815,211,16-17,,,
816,212,16-17,,,
817,213,16-17,,,
818,214,16-17,,,
819,215,16-17,,,
820,216,16-17,12,9,0
821,217,16-17,,,
822,218,16-17,,,
823,219,16-17,1,5,18
824,220,16-17,,,
825,221,16-17,,,
826,222,16-17,1,7,12
827,223,16-17,1,17,17
828,224,16-17,29,91,197
829,225,16-17,9,15,20
830,226,16-17,94,309,274
831,227,16-17,15,41,99
832,228,16-17,,,
833,229,16-17,,,
834,230,16-17,,,
835,231,16-17,,,
836,488,16-17,,,
837,233,16-17,,,
838,234,16-17,,,
839,235,16-17,91,60,44
840,236,16-17,4,2,21
841,237,16-17,13,89,105
842,238,16-17,7,23,24
843,239,16-17,,,
844,240,16-17,18,25,78
845,241,16-17,5,3,81
846,242,16-17,10,48,59
847,243,16-17,,,
848,244,16-17,20,136,117
849,245,16-17,9,21,33
850,246,16-17,,,
851,247,16-17,1,3,16
852,248,16-17,,,
853,249,16-17,1,10,19
854,250,16-17,,,
855,252,16-17,10,61,91
856,253,16-17,,,
857,254,16-17,3,18,25
858,255,16-17,,,
859,256,16-17,5,12,5
860,257,16-17,3,17,7
861,258,16-17,0,7,21
862,259,16-17,3,9,23
863,261,16-17,0,8,13
864,262,16-17,0,7,14
865,263,16-17,,,
866,264,16-17,14,11,20
867,265,16-17,,,
868,266,16-17,,,
869,267,16-17,13,28,38
870,269,16-17,,,
871,270,16-17,,,
872,271,16-17,15,32,16
873,272,16-17,,,
874,273,16-17,,,
875,274,16-17,,,
876,275,16-17,,,
877,276,16-17,,,
878,278,16-17,,,
879,279,16-17,3,1,21
880,280,16-17,,,
881,281,16-17,6,23,6
882,282,16-17,5,10,11
883,283,16-17,,,
884,284,16-17,,,
885,490,16-17,,,
886,285,16-17,,,
887,286,16-17,,,
888,287,16-17,8,5,15
889,288,16-17,0,6,14
890,289,16-17,0,25,22
891,290,16-17,31,8,16
892,291,16-17,0,7,27
893,292,16-17,0,8,13
894,293,16-17,,,
895,294,16-17,,,
896,295,16-17,,,
897,296,16-17,,,
898,297,16-17,6,25,30
899,298,16-17,0,21,28
900,299,16-17,,,
901,496,16-17,,,
902,301,16-17,,,
903,302,16-17,7,10,3
904,303,16-17,,,
905,304,16-17,9,22,35
906,305,16-17,,,
907,306,16-17,0,2,19
908,307,16-17,,,
909,308,16-17,,,
910,309,16-17,,,
911,310,16-17,12,6,42
912,311,16-17,,,
913,312,16-17,,,
914,1,15-16,31,27,24
915,313,15-16,986,2100,1753
916,2,15-16,8,11,3
917,3,15-16,,,
918,314,15-16,66,270,173
919,4,15-16,388,573,1237
920,5,15-16,30,78,129
921,6,15-16,266,219,92
922,7,15-16,148,271,42
923,8,15-16,12,180,202
924,9,15-16,50,187,83
925,10,15-16,4,11,85
926,11,15-16,0,28,30
927,497,15-16,,,
928,12,15-16,253,159,341
929,13,15-16,3,16,70
930,14,15-16,,,
931,15,15-16,80,580,257
932,16,15-16,69,153,103
933,17,15-16,0,0,49
934,19,15-16,61,93,124
935,20,15-16,,,
936,21,15-16,,,
937,22,15-16,,,
938,23,15-16,,,
939,24,15-16,12,7,18
940,25,15-16,13,10,4
941,26,15-16,92,70,96
942,27,15-16,,,
943,28,15-16,6,7,10
944,29,15-16,6,10,18
945,30,15-16,,,
946,31,15-16,,,
947,32,15-16,1,5,29
948,33,15-16,,,
949,34,15-16,11,26,44
950,35,15-16,5,38,5
951,36,15-16,121,169,160
952,37,15-16,8,17,19
953,38,15-16,19,22,22
954,39,15-16,,,
955,40,15-16,13,21,109
956,41,15-16,,,
957,42,15-16,,,
958,43,15-16,,,
959,44,15-16,49,132,43
960,45,15-16,7,22,37
961,46,15-16,,,
962,47,15-16,,,
963,48,15-16,,,
964,49,15-16,12,38,11
965,50,15-16,14,17,33
966,51,15-16,8,11,31
967,52,15-16,28,120,121
968,53,15-16,13,43,22
969,54,15-16,3,43,101
970,55,15-16,,,
971,56,15-16,90,304,508
972,57,15-16,67,126,51
973,58,15-16,48,228,127
974,59,15-16,34,41,36
975,60,15-16,,,
976,61,15-16,2,10,26
977,62,15-16,6,43,75
978,63,15-16,,,
979,64,15-16,0,15,11
980,66,15-16,,,
981,67,15-16,,,
982,68,15-16,32,89,49
983,69,15-16,,,
984,70,15-16,1,24,12
985,71,15-16,,,
986,72,15-16,,,
987,73,15-16,11,36,27
988,74,15-16,,,
989,75,15-16,34,68,136
990,76,15-16,38,199,244
991,77,15-16,36,54,81
992,78,15-16,9,20,66
993,79,15-16,25,42,160
994,80,15-16,2,8,16
995,81,15-16,,,
996,82,15-16,205,444,392
997,83,15-16,28,127,150
998,84,15-16,447,710,311
999,85,15-16,7,6,21
1000,86,15-16,55,60,66
1001,87,15-16,6,57,244
1002,88,15-16,124,129,57
1003,89,15-16,,,
1004,90,15-16,,,
1005,91,15-16,,,
1006,92,15-16,2,7,14
1007,93,15-16,,,
1008,94,15-16,2,44,23
1009,95,15-16,6,24,67
1010,96,15-16,0,16,20
1011,97,15-16,5,36,36
1012,98,15-16,17,21,17
1013,99,15-16,42,79,191
1014,100,15-16,26,37,10
1015,101,15-16,,,
1016,102,15-16,13,42,25
1017,103,15-16,0,9,14
1018,104,15-16,1,7,14
1019,105,15-16,27,123,113
1020,107,15-16,13,10,31
1021,108,15-16,,,
1022,109,15-16,,,
1023,110,15-16,,,
1024,111,15-16,3,5,16
1025,112,15-16,0,24,10
1026,498,15-16,,,
1027,499,15-16,,,
1028,491,15-16,,,
1029,114,15-16,6,0,57
1030,115,15-16,,,
1031,117,15-16,2,9,58
1032,119,15-16,20,51,22
1033,120,15-16,4,18,13
1034,121,15-16,,,
1035,122,15-16,,,
1036,123,15-16,,,
1037,124,15-16,,,
1038,125,15-16,4,5,13
1039,126,15-16,8,40,42
1040,127,15-16,,,
1041,128,15-16,6,19,15
1042,129,15-16,54,98,42
1043,130,15-16,18,40,31
1044,131,15-16,,,
1045,132,15-16,,,
1046,133,15-16,5,4,13
1047,134,15-16,,,
1048,135,15-16,59,120,108
1049,136,15-16,,,
1050,137,15-16,13,8,11
1051,138,15-16,,,
1052,139,15-16,,,
1053,141,15-16,,,
1054,142,15-16,7,12,9
1055,143,15-16,,,
1056,144,15-16,7,25,25
1057,145,15-16,6,9,15
1058,146,15-16,3,6,13
1059,147,15-16,28,9,11
1060,148,15-16,319,315,313
1061,149,15-16,,,
1062,150,15-16,20,23,52
1063,152,15-16,0,6,22
1064,153,15-16,6,4,20
1065,154,15-16,,,
1066,155,15-16,,,
1067,156,15-16,,,
1068,158,15-16,13,7,21
1069,159,15-16,,,
1070,160,15-16,,,
1071,161,15-16,,,
1072,162,15-16,,,
1073,163,15-16,17,73,51
1074,164,15-16,2,10,8
1075,166,15-16,,,
1076,167,15-16,0,7,15
1077,168,15-16,34,17,80
1078,169,15-16,216,363,266
1079,170,15-16,53,117,161
1080,171,15-16,72,82,243
1081,172,15-16,1833,2600,2132
1082,173,15-16,,,
1083,500,15-16,,,
1084,174,15-16,,,
1085,175,15-16,60,112,142
1086,176,15-16,16,41,36
1087,177,15-16,,,
1088,178,15-16,,,
1089,179,15-16,3,7,18
1090,180,15-16,2,13,8
1091,181,15-16,0,44,37
1092,182,15-16,,,
1093,183,15-16,,,
1094,184,15-16,8,8,10
1095,185,15-16,11,29,31
1096,186,15-16,8,38,42
1097,187,15-16,2,12,21
1098,188,15-16,139,284,176
1099,189,15-16,0,16,6
1100,190,15-16,1,31,9
1101,191,15-16,5,7,27
1102,192,15-16,24,41,123
1103,193,15-16,2,119,170
1104,194,15-16,4,5,23
1105,195,15-16,6,5,44
1106,196,15-16,32,55,83
1107,197,15-16,43,111,186
1108,198,15-16,,,
1109,199,15-16,,,
1110,200,15-16,,,
1111,201,15-16,,,
1112,202,15-16,72,253,285
1113,203,15-16,,,
1114,204,15-16,,,
1115,205,15-16,1,9,32
1116,206,15-16,2,14,25
1117,207,15-16,8,2,12
1118,208,15-16,79,89,107
1119,209,15-16,0,23,44
1120,210,15-16,,,
1121,211,15-16,,,
1122,212,15-16,,,
1123,213,15-16,,,
1124,214,15-16,11,4,5
1125,215,15-16,,,
1126,216,15-16,,,
1127,217,15-16,,,
1128,218,15-16,,,
1129,219,15-16,19,11,6
1130,220,15-16,,,
1131,221,15-16,,,
1132,222,15-16,2,5,15
1133,223,15-16,4,9,18
1134,224,15-16,17,97,166
1135,225,15-16,21,4,35
1136,226,15-16,90,251,282
1137,227,15-16,27,40,103
1138,228,15-16,,,
1139,229,15-16,,,
1140,230,15-16,,,
1141,231,15-16,,,
1142,232,15-16,,,
1143,488,15-16,,,
1144,233,15-16,,,
1145,234,15-16,,,
1146,235,15-16,78,142,43
1147,236,15-16,6,4,13
1148,237,15-16,23,127,117
1149,238,15-16,2,12,15
1150,239,15-16,,,
1151,240,15-16,8,21,86
1152,241,15-16,0,5,32
1153,242,15-16,18,56,62
1154,243,15-16,,,
1155,244,15-16,24,79,72
1156,245,15-16,3,28,13
1157,246,15-16,,,
1158,247,15-16,,,
1159,248,15-16,,,
1160,504,15-16,1,7,21
1161,250,15-16,,,
1162,251,15-16,,,
1163,252,15-16,7,58,71
1164,253,15-16,2,8,15
1165,254,15-16,1,31,41
1166,255,15-16,5,11,12
1167,256,15-16,14,24,8
1168,257,15-16,,,
1169,258,15-16,0,18,3
1170,259,15-16,3,3,15
1171,260,15-16,12,17,53
1172,261,15-16,,,
1173,262,15-16,1,2,21
1174,263,15-16,,,
1175,264,15-16,0,19,19
1176,266,15-16,,,
1177,267,15-16,10,24,21
1178,268,15-16,,,
1179,269,15-16,,,
1180,270,15-16,,,
1181,271,15-16,17,6,18
1182,272,15-16,,,
1183,274,15-16,,,
1184,275,15-16,,,
1185,276,15-16,,,
1186,277,15-16,,,
1187,278,15-16,2,3,20
1188,279,15-16,,,
1189,281,15-16,6,10,21
1190,489,15-16,,,
1191,283,15-16,,,
1192,284,15-16,,,
1193,490,15-16,7,7,17
1194,285,15-16,,,
1195,286,15-16,,,
1196,287,15-16,3,5,20
1197,288,15-16,,,
1198,289,15-16,1,17,25
1199,290,15-16,45,20,17
1200,291,15-16,3,14,5
1201,292,15-16,,,
1202,501,15-16,,,
1203,293,15-16,,,
1204,294,15-16,,,
1205,295,15-16,,,
1206,502,15-16,,,
1207,297,15-16,11,32,24
1208,298,15-16,11,11,24
1209,496,15-16,,,
1210,301,15-16,,,
1211,302,15-16,,,
1212,303,15-16,0,6,16
1213,304,15-16,2,11,11
1214,305,15-16,,,
1215,306,15-16,,,
1216,307,15-16,,,
1217,308,15-16,,,
1218,309,15-16,,,
1219,310,15-16,13,10,44
1220,311,15-16,,,
1221,312,15-16,,,
1222,1,14-15,7,25,47
1223,313,14-15,628,1244,1263
1224,2,14-15,,,
1225,3,14-15,2,5,20
1226,314,14-15,104,92,62
1227,4,14-15,218,344,610
1228,5,14-15,50,71,121
1229,6,14-15,190,257,66
1230,7,14-15,46,217,31
1231,8,14-15,9,116,159
1232,9,14-15,23,132,83
1233,10,14-15,4,12,45
1234,11,14-15,2,8,10
1235,497,14-15,,,
1236,12,14-15,195,128,222
1237,13,14-15,5,16,44
1238,14,14-15,,,
1239,15,14-15,60,344,205
1240,16,14-15,69,100,97
1241,17,14-15,3,1,26
1242,19,14-15,66,102,142
1243,20,14-15,,,
1244,21,14-15,,,
1245,22,14-15,,,
1246,23,14-15,5,10,10
1247,24,14-15,6,12,8
1248,25,14-15,9,13,2
1249,26,14-15,68,94,53
1250,27,14-15,,,
1251,28,14-15,1,10,12
1252,29,14-15,6,3,18
1253,30,14-15,1,13,11
1254,31,14-15,,,
1255,32,14-15,1,3,24
1256,33,14-15,,,
1257,34,14-15,13,19,82
1258,35,14-15,11,36,21
1259,36,14-15,151,206,101
1260,37,14-15,13,11,18
1261,38,14-15,19,10,17
1262,39,14-15,,,
1263,40,14-15,23,17,102
1264,41,14-15,1,4,28
1265,42,14-15,5,8,7
1266,43,14-15,,,
1267,44,14-15,42,67,51
1268,45,14-15,4,7,31
1269,46,14-15,7,8,30
1270,47,14-15,,,
1271,48,14-15,,,
1272,49,14-15,14,23,55
1273,50,14-15,0,26,39
1274,51,14-15,,,
1275,52,14-15,58,99,157
1276,53,14-15,18,37,18
1277,54,14-15,17,11,110
1278,55,14-15,,,
1279,56,14-15,110,295,432
1280,57,14-15,88,130,45
1281,58,14-15,43,219,93
1282,59,14-15,25,32,67
1283,60,14-15,,,
1284,61,14-15,0,9,18
1285,62,14-15,19,36,41
1286,63,14-15,,,
1287,64,14-15,,,
1288,66,14-15,,,
1289,67,14-15,,,
1290,68,14-15,30,61,76
1291,69,14-15,,,
1292,70,14-15,1,12,28
1293,72,14-15,4,14,5
1294,73,14-15,7,56,63
1295,74,14-15,,,
1296,75,14-15,26,45,164
1297,76,14-15,47,168,208
1298,77,14-15,24,63,120
1299,78,14-15,9,20,65
1300,79,14-15,12,30,101
1301,80,14-15,3,5,22
1302,81,14-15,0,14,9
1303,82,14-15,172,200,364
1304,83,14-15,16,138,94
1305,84,14-15,268,465,399
1306,85,14-15,4,11,20
1307,86,14-15,46,66,83
1308,87,14-15,14,46,197
1309,88,14-15,53,89,80
1310,89,14-15,,,
1311,91,14-15,,,
1312,92,14-15,1,8,11
1313,93,14-15,,,
1314,94,14-15,2,41,45
1315,95,14-15,3,41,33
1316,96,14-15,,,
1317,97,14-15,17,35,10
1318,98,14-15,30,18,15
1319,99,14-15,38,139,219
1320,100,14-15,1,17,10
1321,101,14-15,,,
1322,102,14-15,22,20,24
1323,103,14-15,,,
1324,104,14-15,,,
1325,105,14-15,50,135,99
1326,107,14-15,21,7,19
1327,108,14-15,,,
1328,109,14-15,2,10,11
1329,110,14-15,2,10,34
1330,111,14-15,,,
1331,112,14-15,,,
1332,491,14-15,,,
1333,114,14-15,11,15,79
1334,115,14-15,,,
1335,117,14-15,0,5,65
1336,118,14-15,,,
1337,119,14-15,17,77,41
1338,120,14-15,16,43,23
1339,121,14-15,,,
1340,122,14-15,,,
1341,123,14-15,,,
1342,124,14-15,,,
1343,125,14-15,5,7,20
1344,126,14-15,5,17,28
1345,127,14-15,,,
1346,128,14-15,6,21,24
1347,129,14-15,65,49,33
1348,130,14-15,19,64,21
1349,131,14-15,,,
1350,132,14-15,,,
1351,133,14-15,,,
1352,135,14-15,54,146,128
1353,136,14-15,,,
1354,137,14-15,11,4,8
1355,139,14-15,,,
1356,140,14-15,,,
1357,141,14-15,,,
1358,142,14-15,2,9,22
1359,143,14-15,,,
1360,492,14-15,,,
1361,144,14-15,12,15,40
1362,145,14-15,4,7,11
1363,146,14-15,,,
1364,147,14-15,10,12,13
1365,148,14-15,302,396,309
1366,149,14-15,,,
1367,150,14-15,25,41,31
1368,151,14-15,,,
1369,152,14-15,,,
1370,153,14-15,0,5,17
1371,154,14-15,,,
1372,155,14-15,,,
1373,156,14-15,3,4,13
1374,158,14-15,19,15,32
1375,159,14-15,,,
1376,160,14-15,2,5,15
1377,161,14-15,,,
1378,163,14-15,14,47,38
1379,164,14-15,0,1,20
1380,165,14-15,,,
1381,166,14-15,0,8,17
1382,167,14-15,,,
1383,168,14-15,37,27,82
1384,169,14-15,99,320,240
1385,170,14-15,67,102,163
1386,171,14-15,35,168,206
1387,172,14-15,1608,2356,2305
1388,173,14-15,,,
1389,500,14-15,,,
1390,174,14-15,,,
1391,175,14-15,45,98,140
1392,176,14-15,17,16,34
1393,177,14-15,,,
1394,178,14-15,0,4,16
1395,179,14-15,,,
1396,180,14-15,,,
1397,181,14-15,18,20,13
1398,182,14-15,,,
1399,183,14-15,4,8,24
1400,184,14-15,6,2,14
1401,185,14-15,6,13,9
1402,186,14-15,3,24,49
1403,187,14-15,,,
1404,188,14-15,118,198,185
1405,189,14-15,,,
1406,190,14-15,,,
1407,191,14-15,4,8,24
1408,192,14-15,13,44,111
1409,193,14-15,19,111,184
1410,194,14-15,1,7,38
1411,195,14-15,5,3,33
1412,196,14-15,38,105,77
1413,197,14-15,26,86,193
1414,198,14-15,,,
1415,199,14-15,,,
1416,200,14-15,,,
1417,201,14-15,,,
1418,202,14-15,119,306,314
1419,203,14-15,,,
1420,204,14-15,,,
1421,205,14-15,0,9,40
1422,206,14-15,3,20,30
1423,207,14-15,5,5,13
1424,208,14-15,33,118,53
1425,209,14-15,0,17,18
1426,212,14-15,,,
1427,213,14-15,,,
1428,214,14-15,,,
1429,215,14-15,0,19,5
1430,216,14-15,,,
1431,217,14-15,,,
1432,218,14-15,,,
1433,219,14-15,13,7,6
1434,220,14-15,2,7,25
1435,221,14-15,,,
1436,222,14-15,14,11,11
1437,223,14-15,2,15,35
1438,224,14-15,26,106,203
1439,225,14-15,6,19,14
1440,226,14-15,90,272,324
1441,227,14-15,23,21,58
1442,228,14-15,,,
1443,229,14-15,,,
1444,230,14-15,2,7,20
1445,231,14-15,,,
1446,232,14-15,,,
1447,488,14-15,,,
1448,233,14-15,,,
1449,234,14-15,,,
1450,235,14-15,70,105,144
1451,236,14-15,8,11,10
1452,237,14-15,22,146,115
1453,238,14-15,3,5,14
1454,240,14-15,13,35,64
1455,241,14-15,1,2,26
1456,242,14-15,18,52,54
1457,243,14-15,,,
1458,244,14-15,13,64,63
1459,245,14-15,3,5,21
1460,246,14-15,,,
1461,247,14-15,,,
1462,248,14-15,,,
1463,504,14-15,6,20,34
1464,250,14-15,,,
1465,251,14-15,5,13,4
1466,252,14-15,29,61,125
1467,253,14-15,2,4,15
1468,254,14-15,1,15,54
1469,255,14-15,,,
1470,256,14-15,7,16,14
1471,257,14-15,,,
1472,258,14-15,,,
1473,259,14-15,4,4,16
1474,260,14-15,4,58,54
1475,261,14-15,,,
1476,262,14-15,,,
1477,263,14-15,,,
1478,264,14-15,12,12,55
1479,265,14-15,,,
1480,266,14-15,,,
1481,267,14-15,15,18,27
1482,268,14-15,,,
1483,269,14-15,,,
1484,270,14-15,,,
1485,271,14-15,25,20,20
1486,272,14-15,11,18,10
1487,273,14-15,,,
1488,274,14-15,,,
1489,275,14-15,,,
1490,276,14-15,,,
1491,278,14-15,,,
1492,279,14-15,,,
1493,280,14-15,,,
1494,281,14-15,,,
1495,489,14-15,,,
1496,283,14-15,,,
1497,284,14-15,,,
1498,490,14-15,24,10,26
1499,285,14-15,,,
1500,286,14-15,,,
1501,287,14-15,17,21,20
1502,288,14-15,4,7,21
1503,289,14-15,2,37,46
1504,290,14-15,27,18,19
1505,291,14-15,5,11,35
1506,292,14-15,,,
1507,501,14-15,6,8,8
1508,293,14-15,,,
1509,294,14-15,0,7,19
1510,295,14-15,,,
1511,296,14-15,,,
1512,502,14-15,,,
1513,297,14-15,39,33,23
1514,298,14-15,6,18,22
1515,299,14-15,,,
1516,496,14-15,,,
1517,301,14-15,,,
1518,302,14-15,,,
1519,303,14-15,0,18,2
1520,304,14-15,10,13,43
1521,305,14-15,,,
1522,306,14-15,2,3,15
1523,307,14-15,8,2,11
1524,308,14-15,,,
1525,309,14-15,0,14,16
1526,310,14-15,6,24,22
1527,311,14-15,,,
1528,503,14-15,,,